basket_id,item_name
B001,Молоко 2.5%
B001,Сыр гауда
B001,Сливочное масло
B001,Хлеб пшеничный
B001,Яйца C1 10 шт
B001,Бананы
B001,Овсяные хлопья
B001,Кофе молотый
B002,Молоко 2.5%
B002,Сметана 20%
B002,Круассаны
B002,Картофель
B002,Клубника
B002,Кофе молотый
B002,Печенье овсяное
B002,Вафли
B002,Джем клубничный
B003,Молоко 2.5%
B003,Сыр гауда
B003,Сливочное масло
B003,Хлеб пшеничный
B003,Яйца C1 10 шт
B003,Кофе молотый
B004,Молоко 2.5%
B004,Сметана 20%
B004,Сыр гауда
B004,Хлеб пшеничный
B004,Яйца C1 10 шт
B004,Куриное филе
B004,Картофель
B004,Лук репчатый
B004,Салат айсберг
B004,Шпинат
B004,Авокадо
B004,Зеленый лук
B004,Яблоки
B004,Голубика
B004,Рис длиннозерный
B004,Вода минеральная
B005,Лосось филе
B005,Огурцы
B005,Бананы
B005,Лимоны
B005,Рис длиннозерный
B005,Оливковое масло
B005,Черный перец
B005,Вода минеральная
B006,Сливки 10%
B006,Моцарелла
B006,Пармезан
B006,Фарш говяжий
B006,Макароны пенне
B006,Томатная паста
B006,Итальянские травы
B006,Газированная вода
B006,Бумажные полотенца
B007,Молоко 2.5%
B007,Лаваш
B007,Тунец консервированный
B007,Огурцы
B007,Перец болгарский
B007,Салат айсберг
B007,Авокадо
B007,Зеленый лук
B007,Лимоны
B007,Кукуруза консервированная
B007,Итальянские травы
B007,Сок яблочный
B008,Лосось филе
B008,Огурцы
B008,Перец болгарский
B008,Лимоны
B008,Рис длиннозерный
B008,Оливковое масло
B008,Кетчуп
B008,Вода минеральная
B009,Йогурт греческий
B009,Молоко безлактозное
B009,Бананы
B009,Виноград
B009,Голубика
B009,Овсяные хлопья
B009,Мед
B009,Орехи грецкие
B009,Гранола
B009,Средство для посуды
B010,Морковь
B010,Помидоры
B010,Авокадо
B010,Бананы
B010,Кетчуп
B010,Газированная вода
B010,Пельмени
B010,Вареники с картофелем
B010,Бумажные полотенца
B011,Молоко 2.5%
B011,Сыр гауда
B011,Хлеб пшеничный
B011,Яйца C1 10 шт
B011,Огурцы
B011,Перец болгарский
B011,Редис
B011,Кофе молотый
B011,Туалетная бумага
B012,Чеснок
B012,Перец болгарский
B012,Шампиньоны
B012,Кабачки
B012,Баклажаны
B012,Булгур
B012,Оливковое масло
B012,Итальянские травы
B012,Бумажные полотенца
B013,Молоко безлактозное
B013,Яблоки
B013,Бананы
B013,Печенье овсяное
B013,Мед
B013,Гранола
B014,Бананы
B014,Кофе молотый
B014,Наполнитель для кошачьего туалета
B014,Средство для посуды
B014,Пакеты для мусора
B015,Йогурт греческий
B015,Авокадо
B015,Овсяные хлопья
B015,Вода минеральная
B015,Миндаль
B015,Сэндвич с курицей
B016,Батон нарезной
B016,Чеснок
B016,Булгур
B016,Оливковое масло
B016,Соевый соус
B016,Итальянские травы
B016,Гранола
B017,Сыр гауда
B017,Сыр творожный
B017,Хлеб пшеничный
B017,Куриное филе
B017,Ветчина
B017,Морковь
B017,Помидоры
B017,Огурцы
B017,Салат айсберг
B017,Петрушка
B018,Сыр гауда
B018,Булочки для бургеров
B018,Бекон
B018,Помидоры
B018,Огурцы
B018,Салат айсберг
B018,Шпинат
B018,Кетчуп
B018,Горчица
B018,Кофе молотый
B018,Вода минеральная
B018,Картофель фри замороженный
B019,Куриное филе
B019,Чеснок
B019,Брокколи
B019,Имбирь
B019,Лимоны
B019,Рис длиннозерный
B019,Кокосовое молоко
B020,Йогурт натуральный
B020,Котлеты куриные
B020,Лук репчатый
B020,Бананы
B020,Голубика
B020,Вода минеральная
B020,Шоколад темный
B020,Салат цезарь готовый
B020,Сэндвич с курицей
B020,Туалетная бумага
B021,Молоко 2.5%
B021,Йогурт натуральный
B021,Творог 5%
B021,Яблоки
B021,Груши
B021,Печенье овсяное
B021,Детское пюре яблочное
B021,Детская каша
B021,Подгузники
B021,Влажные салфетки
B021,Туалетная бумага
B022,Лосось филе
B022,Огурцы
B022,Шпинат
B022,Бананы
B022,Черный перец
B022,Гранола
B022,Салат цезарь готовый
B023,Пармезан
B023,Багет
B023,Яйца C1 10 шт
B023,Помидоры
B023,Томатная паста
B023,Соус песто
B023,Итальянские травы
B023,Кофе молотый
B024,Сыр гауда
B024,Лаваш
B024,Фарш говяжий
B024,Помидоры
B024,Баклажаны
B024,Авокадо
B024,Острый перец
B024,Бананы
B024,Голубика
B024,Какао порошок
B024,Кукуруза консервированная
B024,Сальса
B024,Миндаль
B025,Сыр гауда
B025,Яйца C1 10 шт
B025,Огурцы
B025,Кетчуп
B025,Газированная вода
B025,Мороженое ванильное
B025,Пельмени
B025,Вареники с картофелем
B025,Овощная смесь замороженная
B025,Пицца замороженная
B026,Сыр гауда
B026,Булочки для бургеров
B026,Фарш говяжий
B026,Бекон
B026,Салат айсберг
B026,Баклажаны
B026,Укроп
B026,Кетчуп
B026,Горчица
B027,Помидоры
B027,Перец болгарский
B027,Кабачки
B027,Баклажаны
B027,Булгур
B027,Оливковое масло
B027,Вода минеральная
B027,Картофель фри замороженный
B028,Молоко 2.5%
B028,Сыр гауда
B028,Хлеб пшеничный
B028,Яйца C1 10 шт
B028,Куриное филе
B028,Лук репчатый
B028,Гречка
B028,Подсолнечное масло
B028,Вода минеральная
B029,Молоко 2.5%
B029,Батон нарезной
B029,Яйца C1 10 шт
B029,Куриные бедра
B029,Фарш говяжий
B029,Картофель
B029,Петрушка
B029,Бананы
B029,Гречка
B029,Макароны пенне
B029,Сахар
B029,Чай черный
B029,Мороженое ванильное
B029,Бумажные полотенца
B029,Туалетная бумага
B030,Сметана 20%
B030,Чеснок
B030,Помидоры
B030,Шампиньоны
B030,Булгур
B030,Оливковое масло
B030,Итальянские травы
B031,Куриные бедра
B031,Свинина для жарки
B031,Помидоры
B031,Огурцы
B031,Лимоны
B031,Кетчуп
B031,Газированная вода
B031,Джем клубничный
B031,Чипсы картофельные
B031,Бумажные полотенца
B031,Туалетная бумага
B032,Сыр гауда
B032,Сыр творожный
B032,Хлеб пшеничный
B032,Батон нарезной
B032,Ветчина
B032,Помидоры
B032,Огурцы
B032,Голубика
B032,Чай черный
B032,Сухарики
B033,Яйца C1 10 шт
B033,Говядина стейк
B033,Шпинат
B033,Лимоны
B033,Мука пшеничная
B033,Разрыхлитель теста
B033,Ванильный сахар
B033,Какао порошок
B033,Порошок стиральный
B034,Бананы
B034,Газированная вода
B034,Квас
B034,Мороженое ванильное
B034,Пицца замороженная
B034,Шоколад молочный
B034,Чипсы картофельные
B034,Сухарики
B035,Чеснок
B035,Помидоры
B035,Шпинат
B035,Шампиньоны
B035,Кабачки
B035,Баклажаны
B035,Авокадо
B035,Яблоки
B035,Бананы
B035,Булгур
B035,Итальянские травы
B035,Газированная вода
B035,Средство для посуды
B036,Молоко 2.5%
B036,Сыр гауда
B036,Хлеб пшеничный
B036,Яйца C1 10 шт
B036,Куриное филе
B036,Картофель
B036,Лук репчатый
B036,Перец болгарский
B036,Яблоки
B036,Голубика
B036,Рис длиннозерный
B036,Гречка
B036,Подсолнечное масло
B036,Сок яблочный
B036,Вода минеральная
B037,Сыр гауда
B037,Сок яблочный
B037,Газированная вода
B037,Квас
B037,Мороженое ванильное
B037,Шоколад молочный
B037,Чипсы картофельные
B037,Сухарики
B038,Молоко 2.5%
B038,Чай черный
B038,Кофе молотый
B038,Вода минеральная
B038,Шоколад молочный
B038,Печенье овсяное
B038,Вафли
B038,Джем клубничный
B039,Сыр гауда
B039,Хлеб пшеничный
B039,Бананы
B039,Апельсины
B039,Виноград
B039,Вода минеральная
B039,Орехи грецкие
B040,Молоко 2.5%
B040,Сыр гауда
B040,Сливочное масло
B040,Хлеб пшеничный
B040,Яйца C1 10 шт
B040,Бананы
B040,Кофе молотый
B041,Сливки 10%
B041,Моцарелла
B041,Пармезан
B041,Фарш говяжий
B041,Шампиньоны
B041,Макароны пенне
B041,Томатная паста
B041,Итальянские травы
B042,Молоко 2.5%
B042,Хлеб пшеничный
B042,Яйца C1 10 шт
B042,Куриное филе
B042,Лук репчатый
B042,Перец болгарский
B042,Салат айсберг
B042,Яблоки
B042,Виноград
B042,Клубника
B042,Голубика
B042,Рис длиннозерный
B042,Гречка
B042,Подсолнечное масло
B042,Печенье овсяное
B042,Порошок стиральный
B042,Бумажные полотенца
B043,Газированная вода
B043,Квас
B043,Мороженое ванильное
B043,Пельмени
B043,Вареники с картофелем
B043,Средство для посуды
B044,Корм для кошек
B044,Корм для собак
B044,Наполнитель для кошачьего туалета
B044,Средство для посуды
B044,Бумажные полотенца
B044,Пакеты для мусора
B045,Лаваш
B045,Куриные бедра
B045,Свинина для жарки
B045,Сосиски
B045,Огурцы
B045,Салат айсберг
B045,Кетчуп
B045,Картофель фри замороженный
B045,Чипсы картофельные
B045,Бумажные полотенца
B046,Йогурт греческий
B046,Куриное филе
B046,Шпинат
B046,Брокколи
B046,Авокадо
B046,Зеленый лук
B046,Киноа
B047,Молоко 2.5%
B047,Лук репчатый
B047,Чеснок
B047,Лимоны
B047,Макароны спагетти
B047,Оливковое масло
B047,Томатная паста
B047,Итальянские травы
B047,Чай черный
B048,Молоко 2.5%
B048,Сыр гауда
B048,Сливочное масло
B048,Хлеб пшеничный
B048,Свинина для жарки
B048,Бананы
B048,Овсяные хлопья
B048,Кофе молотый
B049,Сыр гауда
B049,Булочки для бургеров
B049,Бекон
B049,Помидоры
B049,Салат айсберг
B049,Кетчуп
B049,Горчица
B049,Картофель фри замороженный
B050,Креветки очищенные
B050,Чеснок
B050,Брокколи
B050,Зеленый лук
B050,Острый перец
B050,Имбирь
B050,Соевый соус
B050,Соус терияки
B051,Огурцы
B051,Шпинат
B051,Лимоны
B051,Рис длиннозерный
B051,Оливковое масло
B051,Черный перец
B051,Вода минеральная
B051,Корм для собак
B052,Молоко 2.5%
B052,Сыр гауда
B052,Сливочное масло
B052,Багет
B052,Яйца C1 10 шт
B052,Яблоки
B052,Бананы
B052,Овсяные хлопья
B052,Кофе молотый
B052,Шоколад молочный
B053,Сыр гауда
B053,Хлеб пшеничный
B053,Яйца C1 10 шт
B053,Куриное филе
B053,Лук репчатый
B053,Яблоки
B053,Рис длиннозерный
B053,Гречка
B053,Подсолнечное масло
B053,Туалетная бумага
B054,Молоко 2.5%
B054,Сыр гауда
B054,Хлеб пшеничный
B054,Яйца C1 10 шт
B054,Куриное филе
B054,Лук репчатый
B054,Авокадо
B054,Яблоки
B054,Виноград
B054,Рис длиннозерный
B054,Гречка
B054,Подсолнечное масло
B054,Вода минеральная
B054,Порошок стиральный
B055,Сметана 20%
B055,Хлеб ржаной
B055,Говядина стейк
B055,Картофель
B055,Морковь
B055,Лук репчатый
B055,Чеснок
B055,Капуста белокочанная
B055,Свекла
B055,Салат айсберг
B055,Укроп
B055,Соус терияки
B055,Пакеты для мусора
B056,Сыр гауда
B056,Пармезан
B056,Хлеб ржаной
B056,Багет
B056,Помидоры
B056,Голубика
B056,Оливковое масло
B056,Томатная паста
B056,Горошек консервированный
B056,Соус песто
B056,Итальянские травы
B057,Овсяные хлопья
B057,Влажные салфетки
B057,Порошок стиральный
B057,Бумажные полотенца
B057,Туалетная бумага
B057,Пакеты для мусора
B058,Молоко 2.5%
B058,Сыр гауда
B058,Яйца C1 10 шт
B058,Гречка
B058,Мука пшеничная
B058,Сахар
B058,Разрыхлитель теста
B058,Какао порошок
B058,Вода минеральная
B059,Яйца C1 10 шт
B059,Картофель
B059,Кетчуп
B059,Мороженое ванильное
B059,Вареники с картофелем
B059,Овощная смесь замороженная
B059,Пицца замороженная
B060,Пармезан
B060,Багет
B060,Чеснок
B060,Лимоны
B060,Макароны спагетти
B060,Сахар
B060,Оливковое масло
B060,Итальянские травы
B061,Салат айсберг
B061,Шпинат
B061,Шампиньоны
B061,Газированная вода
B061,Квас
B061,Мороженое ванильное
B061,Пицца замороженная
B061,Сухарики
B062,Сметана 20%
B062,Бекон
B062,Помидоры
B062,Салат айсберг
B062,Шпинат
B062,Кетчуп
B062,Горчица
B062,Кофе молотый
B063,Молоко 2.5%
B063,Сыр гауда
B063,Хлеб пшеничный
B063,Яйца C1 10 шт
B063,Бананы
B063,Овсяные хлопья
B063,Кофе молотый
B064,Лосось филе
B064,Морковь
B064,Лук репчатый
B064,Огурцы
B064,Шпинат
B064,Лимоны
B064,Рис длиннозерный
B064,Оливковое масло
B064,Разрыхлитель теста
B064,Вода минеральная
B065,Сливочное масло
B065,Картофель
B065,Морковь
B065,Лук репчатый
B065,Петрушка
B065,Яблоки
B065,Мороженое ванильное
B066,Чеснок
B066,Помидоры
B066,Перец болгарский
B066,Салат айсберг
B066,Шампиньоны
B066,Кабачки
B066,Баклажаны
B066,Булгур
B066,Оливковое масло
B066,Итальянские травы
B066,Бумажные полотенца
B067,Сыр гауда
B067,Лаваш
B067,Фарш говяжий
B067,Петрушка
B067,Яблоки
B067,Фасоль консервированная
B067,Кукуруза консервированная
B067,Сальса
B067,Мороженое ванильное
B067,Пицца замороженная
B067,Бумажные полотенца
B068,Пармезан
B068,Багет
B068,Чеснок
B068,Помидоры
B068,Шампиньоны
B068,Макароны спагетти
B068,Оливковое масло
B068,Томатная паста
B068,Соус песто
B068,Итальянские травы
B069,Молоко 2.5%
B069,Сыр гауда
B069,Сливочное масло
B069,Хлеб пшеничный
B069,Яйца C1 10 шт
B069,Бананы
B069,Кофе молотый
B070,Разрыхлитель теста
B070,Кетчуп
B070,Газированная вода
B070,Мороженое ванильное
B070,Пельмени
B070,Вареники с картофелем
B070,Овощная смесь замороженная
B070,Пицца замороженная
B071,Молоко 2.5%
B071,Яблоки
B071,Бананы
B071,Груши
B071,Подгузники
B072,Сыр гауда
B072,Лаваш
B072,Яйца C1 10 шт
B072,Котлеты куриные
B072,Авокадо
B072,Зеленый лук
B072,Острый перец
B072,Фасоль консервированная
B072,Кукуруза консервированная
B072,Сальса
B072,Газированная вода
B073,Молоко 2.5%
B073,Сливочное масло
B073,Бананы
B073,Виноград
B073,Овсяные хлопья
B073,Сахар
B073,Панировочные сухари
B073,Ванильный сахар
B073,Какао порошок
B073,Кофе молотый
B073,Шоколад темный
B074,Куриное филе
B074,Лук репчатый
B074,Зеленый лук
B074,Лимоны
B074,Виноград
B074,Газированная вода
B074,Мороженое ванильное
B074,Пицца замороженная
B074,Шоколад молочный
B074,Сухарики
B074,Сэндвич с курицей
B075,Молоко 2.5%
B075,Бананы
B075,Сок яблочный
B075,Хлопья кукурузные
B075,Детское пюре яблочное
B075,Детская каша
B076,Тунец консервированный
B076,Помидоры
B076,Салат айсберг
B076,Авокадо
B076,Бананы
B076,Овсяные хлопья
B076,Оливковое масло
B076,Мороженое ванильное
B077,Яйца C1 10 шт
B077,Морковь
B077,Укроп
B077,Горошек консервированный
B077,Майонез
B077,Кофе молотый
B078,Йогурт греческий
B078,Яйца C1 10 шт
B078,Куриное филе
B078,Огурцы
B078,Шпинат
B078,Брокколи
B078,Авокадо
B078,Клубника
B078,Киноа
B078,Чай черный
B078,Вода минеральная
B079,Лук репчатый
B079,Яблоки
B079,Корм для кошек
B079,Наполнитель для кошачьего туалета
B079,Средство для посуды
B079,Бумажные полотенца
B080,Огурцы
B080,Перец болгарский
B080,Салат айсберг
B080,Авокадо
B080,Лимоны
B080,Кукуруза консервированная
B080,Шоколад молочный
B080,Туалетная бумага
B081,Молоко 2.5%
B081,Йогурт греческий
B081,Куриное филе
B081,Шпинат
B081,Брокколи
B081,Авокадо
B081,Киноа
B081,Вода минеральная
B081,Миндаль
B081,Бумажные полотенца
B082,Лосось филе
B082,Помидоры
B082,Огурцы
B082,Перец болгарский
B082,Шпинат
B082,Бананы
B082,Лимоны
B082,Рис длиннозерный
B082,Оливковое масло
B082,Черный перец
B082,Вода минеральная
B082,Туалетная бумага
B083,Сливки 10%
B083,Моцарелла
B083,Батон нарезной
B083,Фарш говяжий
B083,Салат айсберг
B083,Шампиньоны
B083,Яблоки
B083,Томатная паста
B083,Чай черный
B083,Средство для посуды
B084,Хлеб пшеничный
B084,Батон нарезной
B084,Яйца C1 10 шт
B084,Куриные бедра
B084,Фарш говяжий
B084,Картофель
B084,Перец болгарский
B084,Гречка
B084,Сахар
B084,Томатная паста
B084,Чай черный
B084,Бумажные полотенца
B085,Сыр гауда
B085,Картофель
B085,Чеснок
B085,Помидоры
B085,Перец болгарский
B085,Шпинат
B085,Шампиньоны
B085,Кабачки
B085,Баклажаны
B085,Оливковое масло
B085,Итальянские травы
B086,Шампиньоны
B086,Укроп
B086,Петрушка
B086,Бананы
B086,Чай черный
B086,Вода минеральная
B086,Шоколад темный
B086,Сэндвич с курицей
B087,Йогурт греческий
B087,Бананы
B087,Овсяные хлопья
B087,Мед
B087,Орехи грецкие
B087,Гранола
B088,Корм для собак
B088,Наполнитель для кошачьего туалета
B088,Средство для посуды
B088,Бумажные полотенца
B088,Пакеты для мусора
B089,Моцарелла
B089,Лаваш
B089,Куриные бедра
B089,Свинина для жарки
B089,Лук репчатый
B089,Помидоры
B089,Огурцы
B089,Шампиньоны
B089,Авокадо
B089,Яблоки
B089,Кетчуп
B089,Газированная вода
B089,Чипсы картофельные
B089,Бумажные полотенца
B090,Хлеб ржаной
B090,Лосось филе
B090,Крабовые палочки
B090,Имбирь
B090,Рис для суши
B090,Нори
B090,Соевый соус
B090,Влажные салфетки
B091,Сметана 20%
B091,Пармезан
B091,Багет
B091,Картофель
B091,Чеснок
B091,Помидоры
B091,Перец болгарский
B091,Макароны спагетти
B091,Оливковое масло
B091,Томатная паста
B091,Соус песто
B091,Итальянские травы
B092,Молоко 2.5%
B092,Сыр гауда
B092,Сливочное масло
B092,Хлеб пшеничный
B092,Яйца C1 10 шт
B092,Морковь
B092,Бананы
B092,Овсяные хлопья
B092,Кофе молотый
B093,Лаваш
B093,Куриные бедра
B093,Помидоры
B093,Огурцы
B093,Газированная вода
B093,Чипсы картофельные
B093,Бумажные полотенца
B094,Сметана 20%
B094,Яйца C1 10 шт
B094,Вода минеральная
B094,Корм для собак
B094,Наполнитель для кошачьего туалета
B094,Средство для посуды
B094,Бумажные полотенца
B094,Пакеты для мусора
B095,Сливки 10%
B095,Моцарелла
B095,Пармезан
B095,Фарш говяжий
B095,Шампиньоны
B095,Макароны пенне
B095,Томатная паста
B095,Итальянские травы
B095,Шоколад молочный
B096,Куриное филе
B096,Брокколи
B096,Имбирь
B096,Лимоны
B096,Рис длиннозерный
B096,Кокосовое молоко
B096,Карри паста
B097,Сливки 10%
B097,Моцарелла
B097,Пармезан
B097,Ряженка
B097,Фарш говяжий
B097,Лосось филе
B097,Шампиньоны
B097,Яблоки
B097,Макароны пенне
B097,Итальянские травы
B097,Чай зеленый
B097,Средство для посуды
B098,Молоко 2.5%
B098,Сыр гауда
B098,Сливочное масло
B098,Хлеб пшеничный
B098,Яйца C1 10 шт
B098,Бананы
B098,Овсяные хлопья
B098,Кофе молотый
B099,Яйца C1 10 шт
B099,Картофель
B099,Морковь
B099,Лук репчатый
B099,Огурцы
B099,Петрушка
B099,Лимоны
B099,Клубника
B099,Рис длиннозерный
B099,Гречка
B099,Подсолнечное масло
B099,Фасоль консервированная
B099,Вода минеральная
B100,Молоко 2.5%
B100,Детское пюре яблочное
B100,Детская каша
B100,Подгузники
B100,Влажные салфетки
B101,Сыр гауда
B101,Лосось филе
B101,Крабовые палочки
B101,Огурцы
B101,Авокадо
B101,Имбирь
B101,Рис для суши
B101,Нори
B101,Томатная паста
B101,Соевый соус
B102,Куриные бедра
B102,Свинина для жарки
B102,Помидоры
B102,Огурцы
B102,Голубика
B102,Кетчуп
B102,Газированная вода
B102,Чипсы картофельные
B102,Бумажные полотенца
B103,Тунец консервированный
B103,Помидоры
B103,Огурцы
B103,Перец болгарский
B103,Авокадо
B103,Лимоны
B103,Оливковое масло
B103,Кукуруза консервированная
B103,Газированная вода
B104,Молоко 2.5%
B104,Йогурт натуральный
B104,Сок яблочный
B104,Шоколад молочный
B104,Печенье овсяное
B104,Хлопья кукурузные
B104,Детское пюре яблочное
B104,Детская каша
B104,Влажные салфетки
B105,Молоко 2.5%
B105,Сливочное масло
B105,Мука пшеничная
B105,Разрыхлитель теста
B105,Ванильный сахар
B105,Какао порошок
B105,Шоколад темный
B106,Йогурт натуральный
B106,Хлеб пшеничный
B106,Бананы
B106,Вода минеральная
B106,Салат цезарь готовый
B106,Сэндвич с курицей
B107,Йогурт натуральный
B107,Кофе зерновой
B107,Вода минеральная
B107,Шоколад темный
B107,Салат цезарь готовый
B107,Сэндвич с курицей
B108,Сливки 10%
B108,Пармезан
B108,Фарш говяжий
B108,Огурцы
B108,Макароны пенне
B108,Итальянские травы
B108,Средство для посуды
B109,Молоко 2.5%
B109,Тунец консервированный
B109,Морковь
B109,Помидоры
B109,Огурцы
B109,Перец болгарский
B109,Салат айсберг
B109,Укроп
B109,Лимоны
B109,Оливковое масло
B110,Сыр гауда
B110,Булочки для бургеров
B110,Фарш говяжий
B110,Бекон
B110,Морковь
B110,Помидоры
B110,Укроп
B110,Виноград
B110,Киви
B110,Кетчуп
B110,Горчица
B110,Мороженое ванильное
B111,Хлеб пшеничный
B111,Чеснок
B111,Помидоры
B111,Перец болгарский
B111,Шпинат
B111,Шампиньоны
B111,Кабачки
B111,Булгур
B111,Итальянские травы
B111,Влажные салфетки
B112,Молоко 2.5%
B112,Сыр гауда
B112,Хлеб пшеничный
B112,Яйца C1 10 шт
B112,Картофель
B112,Лук репчатый
B112,Шампиньоны
B112,Бананы
B112,Лимоны
B112,Рис длиннозерный
B112,Овсяные хлопья
B112,Подсолнечное масло
B112,Фасоль консервированная
B112,Чай черный
B112,Вода минеральная
B112,Порошок стиральный
B113,Молоко 2.5%
B113,Круассаны
B113,Перец болгарский
B113,Овсяные хлопья
B113,Чай черный
B113,Кофе молотый
B113,Шоколад молочный
B113,Печенье овсяное
B113,Вафли
B113,Джем клубничный
B114,Сливочное масло
B114,Хлеб пшеничный
B114,Яйца C1 10 шт
B114,Огурцы
B114,Бананы
B114,Кофе молотый
B114,Газированная вода
B115,Бананы
B115,Кетчуп
B115,Газированная вода
B115,Мороженое ванильное
B115,Пельмени
B115,Вареники с картофелем
B115,Овощная смесь замороженная
B115,Пицца замороженная
B116,Куриное филе
B116,Картофель
B116,Чай черный
B116,Порошок стиральный
B116,Бумажные полотенца
B116,Туалетная бумага
B116,Пакеты для мусора
B117,Овсяные хлопья
B117,Влажные салфетки
B117,Средство для посуды
B117,Порошок стиральный
B117,Туалетная бумага
B117,Пакеты для мусора
B118,Молоко 2.5%
B118,Сыр гауда
B118,Яйца C1 10 шт
B118,Лук репчатый
B118,Зеленый лук
B118,Укроп
B118,Яблоки
B118,Рис длиннозерный
B118,Овсяные хлопья
B118,Подсолнечное масло
B118,Вода минеральная
B118,Газированная вода
B118,Туалетная бумага
B119,Тунец консервированный
B119,Лук репчатый
B119,Помидоры
B119,Огурцы
B119,Перец болгарский
B119,Салат айсберг
B119,Голубика
B119,Киноа
B120,Яйца C1 10 шт
B120,Ветчина
B120,Лосось филе
B120,Крабовые палочки
B120,Огурцы
B120,Авокадо
B120,Имбирь
B120,Соевый соус
B120,Квас
B120,Мед
B121,Йогурт натуральный
B121,Шпинат
B121,Петрушка
B121,Яблоки
B121,Бананы
B121,Апельсины
B121,Груши
B121,Виноград
B121,Соус терияки
B121,Печенье овсяное
B121,Орехи грецкие
B121,Пакеты для мусора
B122,Моцарелла
B122,Пармезан
B122,Фарш говяжий
B122,Морковь
B122,Капуста белокочанная
B122,Шампиньоны
B122,Яблоки
B122,Лимоны
B122,Макароны пенне
B122,Овсяные хлопья
B122,Вода минеральная
B123,Сыр гауда
B123,Тунец консервированный
B123,Огурцы
B123,Салат айсберг
B123,Шпинат
B123,Авокадо
B123,Петрушка
B123,Лимоны
B123,Оливковое масло
B123,Кукуруза консервированная
B123,Кофе молотый
B123,Вода минеральная
B124,Молоко 2.5%
B124,Сыр гауда
B124,Хлеб пшеничный
B124,Куриное филе
B124,Картофель
B124,Лук репчатый
B124,Яблоки
B124,Рис длиннозерный
B124,Гречка
B124,Подсолнечное масло
B124,Вода минеральная
B124,Туалетная бумага
B125,Сыр гауда
B125,Лаваш
B125,Булочки для бургеров
B125,Авокадо
B125,Острый перец
B125,Манго
B125,Нори
B125,Кукуруза консервированная
B125,Сальса
B126,Лосось филе
B126,Огурцы
B126,Шпинат
B126,Лимоны
B126,Рис длиннозерный
B126,Оливковое масло
B126,Черный перец
B126,Вода минеральная
B127,Йогурт натуральный
B127,Хлеб пшеничный
B127,Огурцы
B127,Бананы
B127,Вода минеральная
B127,Шоколад темный
B127,Салат цезарь готовый
B127,Сэндвич с курицей
B128,Куриное филе
B128,Лосось филе
B128,Огурцы
B128,Шпинат
B128,Лимоны
B128,Черный перец
B128,Шоколад молочный
B129,Сметана 20%
B129,Тунец консервированный
B129,Помидоры
B129,Огурцы
B129,Перец болгарский
B129,Салат айсберг
B129,Бананы
B129,Оливковое масло
B129,Фасоль консервированная
B129,Кукуруза консервированная
B130,Креветки очищенные
B130,Чеснок
B130,Салат айсберг
B130,Брокколи
B130,Зеленый лук
B130,Острый перец
B130,Имбирь
B130,Лапша удон
B130,Мука пшеничная
B130,Соус терияки
B130,Суп куриный готовый
B131,Йогурт натуральный
B131,Шампиньоны
B131,Бананы
B131,Кофе зерновой
B131,Вода минеральная
B131,Шоколад темный
B131,Салат цезарь готовый
B131,Сэндвич с курицей
B132,Молоко 2.5%
B132,Крабовые палочки
B132,Огурцы
B132,Салат айсберг
B132,Авокадо
B132,Овсяные хлопья
B132,Нори
B132,Соевый соус
B132,Карри паста
B132,Шоколад молочный
B133,Молоко 2.5%
B133,Батон нарезной
B133,Яйца C1 10 шт
B133,Картофель
B133,Морковь
B133,Салат айсберг
B133,Петрушка
B133,Клубника
B133,Макароны пенне
B133,Овсяные хлопья
B133,Сахар
B133,Чай черный
B133,Печенье овсяное
B133,Бумажные полотенца
B133,Туалетная бумага
B134,Молоко 2.5%
B134,Сыр гауда
B134,Сливочное масло
B134,Хлеб пшеничный
B134,Яйца C1 10 шт
B134,Бананы
B134,Лимоны
B134,Манго
B134,Лапша удон
B134,Овсяные хлопья
B135,Колбаса докторская
B135,Лосось филе
B135,Помидоры
B135,Огурцы
B135,Авокадо
B135,Имбирь
B135,Рис для суши
B135,Нори
B135,Соевый соус
B135,Туалетная бумага
B136,Йогурт натуральный
B136,Помидоры
B136,Яблоки
B136,Бананы
B136,Апельсины
B136,Груши
B136,Виноград
B136,Оливковое масло
B136,Соус песто
B136,Овощная смесь замороженная
B136,Орехи грецкие
B137,Сыр гауда
B137,Лаваш
B137,Фарш говяжий
B137,Помидоры
B137,Авокадо
B137,Фасоль консервированная
B137,Сальса
B138,Молоко 2.5%
B138,Сливочное масло
B138,Хлеб пшеничный
B138,Яйца C1 10 шт
B138,Перец болгарский
B138,Мука пшеничная
B138,Сахар
B138,Ванильный сахар
B138,Какао порошок
B138,Оливки
B138,Шоколад темный
B138,Туалетная бумага
B139,Йогурт греческий
B139,Молоко безлактозное
B139,Бананы
B139,Овсяные хлопья
B139,Орехи грецкие
B140,Хлеб пшеничный
B140,Авокадо
B140,Газированная вода
B140,Пельмени
B140,Вареники с картофелем
B140,Овощная смесь замороженная
B141,Кефир
B141,Куриные бедра
B141,Огурцы
B141,Виноград
B141,Киви
B141,Овсяные хлопья
B141,Кетчуп
B141,Сальса
B141,Кофе молотый
B141,Газированная вода
B141,Мед
B141,Чипсы картофельные
B141,Детское пюре яблочное
B141,Бумажные полотенца
B142,Йогурт натуральный
B142,Бананы
B142,Груши
B142,Детское пюре яблочное
B142,Детская каша
B142,Подгузники
B142,Влажные салфетки
B143,Сыр гауда
B143,Сливочное масло
B143,Хлеб пшеничный
B143,Яйца C1 10 шт
B143,Бананы
B143,Овсяные хлопья
B143,Кофе молотый
B143,Туалетная бумага
B144,Сыр гауда
B144,Сыр творожный
B144,Хлеб пшеничный
B144,Ветчина
B144,Лук репчатый
B144,Огурцы
B144,Перец болгарский
B144,Салат айсберг
B144,Клубника
B144,Бумажные полотенца
B145,Молоко безлактозное
B145,Багет
B145,Чеснок
B145,Помидоры
B145,Макароны спагетти
B145,Оливковое масло
B145,Томатная паста
B145,Соус песто
B145,Итальянские травы
B145,Вода минеральная
B145,Морс ягодный
B146,Яйца C1 10 шт
B146,Куриное филе
B146,Колбаса докторская
B146,Картофель
B146,Морковь
B146,Укроп
B146,Виноград
B146,Горошек консервированный
B147,Яйца C1 10 шт
B147,Колбаса докторская
B147,Картофель
B147,Огурцы
B147,Авокадо
B147,Укроп
B147,Имбирь
B147,Овсяные хлопья
B147,Горошек консервированный
B147,Суп куриный готовый
B148,Молоко 2.5%
B148,Хлеб пшеничный
B148,Яйца C1 10 шт
B148,Шампиньоны
B148,Зеленый лук
B148,Петрушка
B148,Бананы
B148,Овсяные хлопья
B148,Чай черный
B148,Кофе молотый
B149,Лаваш
B149,Куриное филе
B149,Куриные бедра
B149,Свинина для жарки
B149,Картофель
B149,Лук репчатый
B149,Помидоры
B149,Огурцы
B149,Кетчуп
B149,Кофе молотый
B149,Газированная вода
B149,Чипсы картофельные
B150,Морковь
B150,Чеснок
B150,Помидоры
B150,Киви
B150,Макароны спагетти
B150,Соус песто
B150,Итальянские травы
B151,Чеснок
B151,Помидоры
B151,Шампиньоны
B151,Кабачки
B151,Оливковое масло
B151,Итальянские травы
B151,Чай черный
B151,Мороженое ванильное
B151,Средство для посуды
B152,Чеснок
B152,Перец болгарский
B152,Шампиньоны
B152,Кабачки
B152,Баклажаны
B152,Виноград
B152,Булгур
B152,Оливковое масло
B152,Итальянские травы
B152,Кофе молотый
B152,Печенье овсяное
B152,Туалетная бумага
B153,Пармезан
B153,Багет
B153,Куриное филе
B153,Чеснок
B153,Помидоры
B153,Оливковое масло
B153,Соус песто
B153,Паприка
B153,Итальянские травы
B153,Вода минеральная
B154,Молоко 2.5%
B154,Яйца C1 10 шт
B154,Фарш говяжий
B154,Картофель
B154,Морковь
B154,Лимоны
B154,Гречка
B154,Сахар
B154,Бумажные полотенца
B154,Туалетная бумага
B155,Корм для кошек
B155,Корм для собак
B155,Наполнитель для кошачьего туалета
B155,Средство для посуды
B155,Бумажные полотенца
B155,Пакеты для мусора
B156,Молоко 2.5%
B156,Сметана 20%
B156,Сыр гауда
B156,Хлеб пшеничный
B156,Яйца C1 10 шт
B156,Куриное филе
B156,Картофель
B156,Лук репчатый
B156,Авокадо
B156,Виноград
B156,Голубика
B156,Рис длиннозерный
B156,Овсяные хлопья
B156,Вода минеральная
B157,Сыр гауда
B157,Хлеб пшеничный
B157,Корм для кошек
B157,Наполнитель для кошачьего туалета
B157,Средство для посуды
B157,Бумажные полотенца
B158,Моцарелла
B158,Свинина для жарки
B158,Тунец консервированный
B158,Помидоры
B158,Огурцы
B158,Перец болгарский
B158,Салат айсберг
B158,Авокадо
B158,Лимоны
B158,Оливковое масло
B158,Кукуруза консервированная
B158,Карри паста
B158,Пакеты для мусора
B159,Лимоны
B159,Чай черный
B159,Кофе молотый
B159,Печенье овсяное
B159,Вафли
B159,Джем клубничный
B160,Огурцы
B160,Перец болгарский
B160,Шпинат
B160,Лимоны
B160,Оливковое масло
B160,Кукуруза консервированная
B160,Газированная вода
B160,Туалетная бумага
B161,Молоко 2.5%
B161,Сметана 20%
B161,Хлеб ржаной
B161,Говядина стейк
B161,Морковь
B161,Лук репчатый
B161,Чеснок
B161,Капуста белокочанная
B161,Свекла
B161,Зеленый лук
B161,Укроп
B161,Порошок стиральный
B162,Куриные бедра
B162,Картофель
B162,Лук репчатый
B162,Помидоры
B162,Шампиньоны
B162,Петрушка
B162,Лапша удон
B162,Черный перец
B162,Суп куриный готовый
B163,Куриное филе
B163,Чеснок
B163,Помидоры
B163,Шпинат
B163,Шампиньоны
B163,Брокколи
B163,Имбирь
B163,Рис длиннозерный
B163,Подсолнечное масло
B163,Кокосовое молоко
B163,Газированная вода
B164,Молоко 2.5%
B164,Мороженое ванильное
B164,Порошок стиральный
B164,Туалетная бумага
B164,Пакеты для мусора
B165,Молоко 2.5%
B165,Йогурт натуральный
B165,Творог 5%
B165,Бананы
B165,Сок яблочный
B165,Вода минеральная
B165,Печенье овсяное
B165,Хлопья кукурузные
B165,Детское пюре яблочное
B165,Детская каша
B165,Влажные салфетки
B165,Бумажные полотенца
B166,Лаваш
B166,Куриное филе
B166,Кетчуп
B166,Газированная вода
B166,Пельмени
B166,Вареники с картофелем
B166,Овощная смесь замороженная
B166,Пицца замороженная
B166,Мед
B167,Йогурт натуральный
B167,Бананы
B167,Кофе зерновой
B167,Вода минеральная
B167,Шоколад темный
B167,Салат цезарь готовый
B168,Сливки 10%
B168,Моцарелла
B168,Фарш говяжий
B168,Лосось филе
B168,Шампиньоны
B168,Укроп
B168,Голубика
B168,Макароны пенне
B168,Томатная паста
B169,Чеснок
B169,Помидоры
B169,Перец болгарский
B169,Шампиньоны
B169,Кабачки
B169,Авокадо
B169,Зеленый лук
B169,Петрушка
B169,Клубника
B169,Голубика
B169,Булгур
B170,Молоко 2.5%
B170,Сливочное масло
B170,Яйца C1 10 шт
B170,Мука пшеничная
B170,Сахар
B170,Ванильный сахар
B170,Какао порошок
B171,Булочки для бургеров
B171,Фарш говяжий
B171,Помидоры
B171,Авокадо
B171,Макароны спагетти
B171,Кетчуп
B171,Горчица
B171,Картофель фри замороженный
B172,Кетчуп
B172,Мороженое ванильное
B172,Пельмени
B172,Вареники с картофелем
B172,Туалетная бумага
B173,Молоко 2.5%
B173,Сыр гауда
B173,Сливочное масло
B173,Хлеб пшеничный
B173,Яйца C1 10 шт
B173,Бананы
B173,Овсяные хлопья
B173,Кофе молотый
B174,Огурцы
B174,Газированная вода
B174,Пельмени
B174,Вареники с картофелем
B174,Пицца замороженная
B175,Сыр гауда
B175,Хлеб пшеничный
B175,Яйца C1 10 шт
B175,Куриное филе
B175,Картофель
B175,Лук репчатый
B175,Салат айсберг
B175,Шампиньоны
B175,Зеленый лук
B175,Укроп
B175,Яблоки
B175,Рис длиннозерный
B175,Гречка
B175,Макароны пенне
B175,Подсолнечное масло
B175,Вода минеральная
B176,Сметана 20%
B176,Мороженое ванильное
B176,Корм для кошек
B176,Наполнитель для кошачьего туалета
B176,Средство для посуды
B177,Помидоры
B177,Овсяные хлопья
B177,Корм для собак
B177,Средство для посуды
B177,Бумажные полотенца
B177,Пакеты для мусора
B178,Молоко 2.5%
B178,Хлеб пшеничный
B178,Морковь
B178,Корм для собак
B178,Наполнитель для кошачьего туалета
B178,Бумажные полотенца
B178,Пакеты для мусора
B179,Сыр гауда
B179,Булочки для бургеров
B179,Фарш говяжий
B179,Бекон
B179,Помидоры
B179,Салат айсберг
B179,Кетчуп
B180,Сметана 20%
B180,Сыр гауда
B180,Котлеты куриные
B180,Креветки очищенные
B180,Чеснок
B180,Огурцы
B180,Брокколи
B180,Имбирь
B180,Соевый соус
B180,Сэндвич с курицей
B181,Молоко 2.5%
B181,Сливки 10%
B181,Моцарелла
B181,Пармезан
B181,Фарш говяжий
B181,Морковь
B181,Помидоры
B181,Макароны пенне
B181,Томатная паста
B182,Чеснок
B182,Брокколи
B182,Авокадо
B182,Имбирь
B182,Лимоны
B182,Рис длиннозерный
B182,Кокосовое молоко
B182,Горчица
B182,Карри паста
B183,Сметана 20%
B183,Морковь
B183,Помидоры
B183,Шампиньоны
B183,Кабачки
B183,Оливковое масло
B183,Итальянские травы
B184,Колбаса докторская
B184,Морковь
B184,Помидоры
B184,Огурцы
B184,Перец болгарский
B184,Шампиньоны
B184,Авокадо
B184,Клубника
B184,Кукуруза консервированная
B184,Шоколад молочный
B184,Корм для кошек
B185,Молоко 2.5%
B185,Йогурт натуральный
B185,Бананы
B185,Детское пюре яблочное
B185,Детская каша
B185,Подгузники
B185,Влажные салфетки
B186,Йогурт натуральный
B186,Бананы
B186,Хлопья кукурузные
B186,Детское пюре яблочное
B186,Детская каша
B186,Влажные салфетки
B187,Сыр гауда
B187,Булочки для бургеров
B187,Куриное филе
B187,Фарш говяжий
B187,Бекон
B187,Помидоры
B187,Салат айсберг
B187,Виноград
B187,Кетчуп
B187,Горчица
B187,Картофель фри замороженный
B188,Сыр гауда
B188,Лаваш
B188,Помидоры
B188,Авокадо
B188,Острый перец
B188,Фасоль консервированная
B188,Кукуруза консервированная
B188,Сальса
B189,Помидоры
B189,Укроп
B189,Яблоки
B189,Бананы
B189,Апельсины
B189,Груши
B189,Овсяные хлопья
B189,Корица
B189,Орехи грецкие
B189,Наполнитель для кошачьего туалета
B190,Молоко 2.5%
B190,Сливочное масло
B190,Киви
B190,Разрыхлитель теста
B190,Ванильный сахар
B190,Шоколад темный
B191,Куриные бедра
B191,Картофель
B191,Морковь
B191,Лук репчатый
B191,Петрушка
B191,Лапша удон
B191,Суп куриный готовый
B192,Йогурт натуральный
B192,Куриное филе
B192,Яблоки
B192,Бананы
B192,Апельсины
B192,Груши
B192,Виноград
B192,Сальса
B192,Печенье овсяное
B192,Орехи грецкие
B193,Сыр гауда
B193,Хлеб пшеничный
B193,Булочки для бургеров
B193,Фарш говяжий
B193,Бекон
B193,Помидоры
B193,Салат айсберг
B193,Петрушка
B193,Яблоки
B193,Ванильный сахар
B193,Кетчуп
B193,Горчица
B194,Сыр гауда
B194,Булочки для бургеров
B194,Фарш говяжий
B194,Бекон
B194,Помидоры
B194,Салат айсберг
B194,Горчица
B195,Молоко 2.5%
B195,Яйца C1 10 шт
B195,Колбаса докторская
B195,Картофель
B195,Огурцы
B195,Укроп
B195,Голубика
B195,Кофе молотый
B195,Вода минеральная
B195,Корм для собак
B196,Сыр творожный
B196,Хлеб пшеничный
B196,Батон нарезной
B196,Ветчина
B196,Помидоры
B196,Огурцы
B196,Укроп
B196,Виноград
B196,Чипсы картофельные
B196,Арахисовая паста
B197,Сыр гауда
B197,Сливочное масло
B197,Хлеб пшеничный
B197,Яйца C1 10 шт
B197,Бананы
B197,Овсяные хлопья
B197,Кофе молотый
B197,Вафли
B198,Тунец консервированный
B198,Помидоры
B198,Огурцы
B198,Перец болгарский
B198,Салат айсберг
B198,Авокадо
B198,Бананы
B198,Оливковое масло
B198,Кукуруза консервированная
B198,Чай черный
B198,Газированная вода
B198,Картофель фри замороженный
B198,Арахисовая паста
B199,Сыр гауда
B199,Фарш говяжий
B199,Бекон
B199,Помидоры
B199,Салат айсберг
B199,Зеленый лук
B199,Яблоки
B199,Горчица
B199,Картофель фри замороженный
B200,Молоко 2.5%
B200,Йогурт натуральный
B200,Бананы
B200,Груши
B200,Печенье овсяное
B200,Детское пюре яблочное
B200,Подгузники
B200,Влажные салфетки
B200,Средство для посуды
B201,Тунец консервированный
B201,Помидоры
B201,Огурцы
B201,Перец болгарский
B201,Салат айсберг
B201,Авокадо
B201,Лимоны
B201,Оливковое масло
B201,Мороженое ванильное
B202,Молоко 2.5%
B202,Йогурт натуральный
B202,Бананы
B202,Сок яблочный
B202,Хлопья кукурузные
B202,Детская каша
B202,Влажные салфетки
B202,Пакеты для мусора
B203,Сыр гауда
B203,Морковь
B203,Помидоры
B203,Авокадо
B203,Кукуруза консервированная
B203,Сальса
B204,Пармезан
B204,Багет
B204,Чеснок
B204,Манго
B204,Макароны спагетти
B204,Оливковое масло
B204,Томатная паста
B204,Соус песто
B204,Итальянские травы
B204,Корм для кошек
B205,Хлеб пшеничный
B205,Гречка
B205,Газированная вода
B205,Квас
B205,Мороженое ванильное
B205,Пицца замороженная
B205,Шоколад молочный
B205,Чипсы картофельные
B205,Сухарики
B206,Сметана 20%
B206,Свинина для жарки
B206,Помидоры
B206,Огурцы
B206,Кетчуп
B206,Газированная вода
B206,Шоколад молочный
B206,Чипсы картофельные
B207,Сыр гауда
B207,Йогурт греческий
B207,Молоко безлактозное
B207,Бананы
B207,Голубика
B207,Рис длиннозерный
B207,Мед
B208,Молоко 2.5%
B208,Сыр гауда
B208,Хлеб пшеничный
B208,Яйца C1 10 шт
B208,Ветчина
B208,Салат айсберг
B208,Авокадо
B208,Бананы
B208,Овсяные хлопья
B208,Кофе молотый
B209,Йогурт натуральный
B209,Огурцы
B209,Яблоки
B209,Бананы
B209,Апельсины
B209,Груши
B209,Виноград
B209,Кофе молотый
B209,Печенье овсяное
B209,Орехи грецкие
B210,Тунец консервированный
B210,Помидоры
B210,Огурцы
B210,Перец болгарский
B210,Салат айсберг
B210,Кукуруза консервированная
B210,Суп куриный готовый
B211,Сыр гауда
B211,Сливочное масло
B211,Хлеб пшеничный
B211,Яйца C1 10 шт
B211,Перец болгарский
B211,Зеленый лук
B211,Бананы
B211,Манго
B211,Овсяные хлопья
B211,Кофе молотый
B211,Вода минеральная
B212,Моцарелла
B212,Пармезан
B212,Фарш говяжий
B212,Шампиньоны
B212,Томатная паста
B212,Итальянские травы
B212,Хлопья кукурузные
B212,Пакеты для мусора
B213,Лосось филе
B213,Огурцы
B213,Шпинат
B213,Лимоны
B213,Рис длиннозерный
B213,Оливковое масло
B213,Черный перец
B213,Вода минеральная
B214,Лаваш
B214,Фарш говяжий
B214,Сельдь слабосоленая
B214,Помидоры
B214,Острый перец
B214,Фасоль консервированная
B214,Кукуруза консервированная
B215,Куриное филе
B215,Чеснок
B215,Перец болгарский
B215,Брокколи
B215,Имбирь
B215,Лимоны
B215,Рис длиннозерный
B215,Кокосовое молоко
B215,Карри паста
B216,Молоко 2.5%
B216,Круассаны
B216,Кофе молотый
B216,Шоколад молочный
B216,Печенье овсяное
B216,Вафли
B216,Джем клубничный
B217,Молоко 2.5%
B217,Яблоки
B217,Бананы
B217,Апельсины
B217,Груши
B217,Виноград
B217,Печенье овсяное
B217,Орехи грецкие
B218,Йогурт греческий
B218,Молоко безлактозное
B218,Бананы
B218,Овсяные хлопья
B218,Мед
B218,Орехи грецкие
B218,Гранола
B219,Яйца C1 10 шт
B219,Чеснок
B219,Зеленый лук
B219,Имбирь
B219,Мука пшеничная
B219,Сахар
B219,Разрыхлитель теста
B219,Ванильный сахар
B219,Какао порошок
B219,Шоколад темный
B219,Средство для посуды
B219,Пакеты для мусора
B220,Яйца C1 10 шт
B220,Лук репчатый
B220,Перец болгарский
B220,Шампиньоны
B220,Кабачки
B220,Баклажаны
B220,Оливковое масло
B220,Итальянские травы
B221,Куриные бедра
B221,Креветки очищенные
B221,Морковь
B221,Лук репчатый
B221,Лапша удон
B221,Суп куриный готовый
B222,Молоко 2.5%
B222,Яблоки
B222,Бананы
B222,Груши
B222,Печенье овсяное
B222,Детское пюре яблочное
B222,Детская каша
B222,Влажные салфетки
B223,Сметана 20%
B223,Хлеб ржаной
B223,Говядина стейк
B223,Картофель
B223,Морковь
B223,Лук репчатый
B223,Свекла
B223,Шоколад молочный
B223,Миндаль
B224,Молоко 2.5%
B224,Йогурт натуральный
B224,Бананы
B224,Сок яблочный
B224,Вода минеральная
B224,Печенье овсяное
B224,Детское пюре яблочное
B224,Влажные салфетки
B225,Молоко 2.5%
B225,Сыр гауда
B225,Хлеб пшеничный
B225,Яйца C1 10 шт
B225,Куриное филе
B225,Картофель
B225,Авокадо
B225,Петрушка
B225,Яблоки
B225,Рис длиннозерный
B225,Гречка
B225,Овсяные хлопья
B225,Чай черный
B225,Вода минеральная
B225,Порошок стиральный
B226,Молоко 2.5%
B226,Сыр гауда
B226,Хлеб пшеничный
B226,Яйца C1 10 шт
B226,Капуста белокочанная
B226,Бананы
B226,Овсяные хлопья
B226,Чай черный
B226,Кофе молотый
B226,Суп куриный готовый
B226,Корм для кошек
B227,Хлеб пшеничный
B227,Лук репчатый
B227,Яблоки
B227,Бананы
B227,Апельсины
B227,Виноград
B227,Вода минеральная
B227,Печенье овсяное
B227,Орехи грецкие
B228,Сыр гауда
B228,Сливочное масло
B228,Хлеб пшеничный
B228,Яйца C1 10 шт
B228,Огурцы
B228,Яблоки
B228,Бананы
B228,Лимоны
B228,Виноград
B228,Овсяные хлопья
B228,Кофе молотый
B228,Средство для посуды
B229,Молоко 2.5%
B229,Сыр гауда
B229,Хлеб пшеничный
B229,Яйца C1 10 шт
B229,Куриное филе
B229,Картофель
B229,Лук репчатый
B229,Яблоки
B229,Гречка
B229,Подсолнечное масло
B230,Креветки очищенные
B230,Чеснок
B230,Брокколи
B230,Зеленый лук
B230,Острый перец
B230,Бананы
B230,Лапша удон
B230,Соус терияки
B231,Куриное филе
B231,Брокколи
B231,Петрушка
B231,Имбирь
B231,Лимоны
B231,Голубика
B231,Рис длиннозерный
B231,Кокосовое молоко
B231,Карри паста
B231,Кофе молотый
B232,Йогурт натуральный
B232,Бананы
B232,Кофе молотый
B232,Кофе зерновой
B232,Вода минеральная
B232,Шоколад темный
B232,Салат цезарь готовый
B232,Сэндвич с курицей
B233,Молоко 2.5%
B233,Йогурт натуральный
B233,Бананы
B233,Детское пюре яблочное
B233,Детская каша
B233,Подгузники
B233,Влажные салфетки
B234,Молоко 2.5%
B234,Сметана 20%
B234,Батон нарезной
B234,Яйца C1 10 шт
B234,Куриные бедра
B234,Фарш говяжий
B234,Зеленый лук
B234,Яблоки
B234,Голубика
B234,Гречка
B234,Чай черный
B234,Бумажные полотенца
B234,Туалетная бумага
B234,Пакеты для мусора
B235,Лосось филе
B235,Огурцы
B235,Шпинат
B235,Лимоны
B235,Рис длиннозерный
B235,Оливковое масло
B235,Черный перец
B235,Вода минеральная
B236,Молоко 2.5%
B236,Яйца C1 10 шт
B236,Куриные бедра
B236,Фарш говяжий
B236,Картофель
B236,Салат айсберг
B236,Лимоны
B236,Гречка
B236,Макароны пенне
B236,Сахар
B236,Чай черный
B236,Бумажные полотенца
B236,Туалетная бумага
B237,Креветки очищенные
B237,Чеснок
B237,Зеленый лук
B237,Острый перец
B237,Имбирь
B237,Соевый соус
B237,Соус терияки
B238,Молоко 2.5%
B238,Бананы
B238,Сок яблочный
B238,Хлопья кукурузные
B238,Детское пюре яблочное
B238,Детская каша
B239,Сметана 20%
B239,Картофель
B239,Вода минеральная
B239,Влажные салфетки
B239,Порошок стиральный
B239,Бумажные полотенца
B239,Пакеты для мусора
B240,Молоко 2.5%
B240,Сыр гауда
B240,Хлеб пшеничный
B240,Куриное филе
B240,Картофель
B240,Перец болгарский
B240,Салат айсберг
B240,Укроп
B240,Петрушка
B240,Яблоки
B240,Гречка
B240,Подсолнечное масло
B240,Чай черный
B240,Кофе молотый
B240,Шоколад молочный
B241,Авокадо
B241,Бананы
B241,Фасоль консервированная
B241,Карри паста
B241,Газированная вода
B241,Квас
B241,Мороженое ванильное
B241,Пицца замороженная
B241,Шоколад молочный
B241,Печенье овсяное
B241,Чипсы картофельные
B241,Сухарики
B242,Молоко безлактозное
B242,Шпинат
B242,Бананы
B242,Голубика
B242,Овсяные хлопья
B242,Картофель фри замороженный
B242,Мед
B242,Орехи грецкие
B243,Куриные бедра
B243,Картофель
B243,Морковь
B243,Петрушка
B243,Лапша удон
B243,Черный перец
B243,Мороженое ванильное
B243,Суп куриный готовый
B244,Багет
B244,Треска филе
B244,Чеснок
B244,Макароны спагетти
B244,Оливковое масло
B244,Томатная паста
B244,Соус песто
B244,Итальянские травы
B244,Кофе молотый
B244,Суп куриный готовый
B245,Булочки для бургеров
B245,Фарш говяжий
B245,Бекон
B245,Помидоры
B245,Перец болгарский
B245,Салат айсберг
B245,Шампиньоны
B245,Яблоки
B245,Кетчуп
B245,Горчица
B245,Картофель фри замороженный
B245,Детское пюре яблочное
B245,Пакеты для мусора
B246,Молоко 2.5%
B246,Яйца C1 10 шт
B246,Салат айсберг
B246,Шампиньоны
B246,Лимоны
B246,Виноград
B246,Сахар
B246,Разрыхлитель теста
B246,Ванильный сахар
B246,Какао порошок
B246,Шоколад темный
B247,Куриное филе
B247,Петрушка
B247,Мороженое ванильное
B247,Вареники с картофелем
B247,Овощная смесь замороженная
B247,Пицца замороженная
B247,Шоколад молочный
B248,Хлеб пшеничный
B248,Салат айсберг
B248,Зеленый лук
B248,Бананы
B248,Апельсины
B248,Виноград
B248,Печенье овсяное
B248,Орехи грецкие
B249,Яблоки
B249,Бананы
B249,Апельсины
B249,Груши
B249,Кофе молотый
B249,Вода минеральная
B249,Печенье овсяное
B249,Орехи грецкие
B250,Креветки очищенные
B250,Чеснок
B250,Капуста белокочанная
B250,Брокколи
B250,Зеленый лук
B250,Имбирь
B250,Лапша удон
B250,Соевый соус
B250,Арахисовая паста
B251,Йогурт натуральный
B251,Яблоки
B251,Апельсины
B251,Виноград
B251,Лапша удон
B251,Печенье овсяное
B251,Орехи грецкие
B252,Йогурт натуральный
B252,Сыр гауда
B252,Морковь
B252,Бананы
B252,Апельсины
B252,Груши
B252,Виноград
B252,Печенье овсяное
B252,Орехи грецкие
B252,Салат цезарь готовый
B252,Влажные салфетки
B252,Порошок стиральный
B253,Яйца C1 10 шт
B253,Картофель
B253,Помидоры
B253,Огурцы
B253,Перец болгарский
B253,Салат айсберг
B253,Авокадо
B253,Бананы
B253,Лимоны
B253,Овсяные хлопья
B253,Оливковое масло
B253,Кукуруза консервированная
B253,Чай черный
B253,Средство для посуды
B254,Молоко 2.5%
B254,Сливочное масло
B254,Яйца C1 10 шт
B254,Мука пшеничная
B254,Сахар
B254,Разрыхлитель теста
B254,Какао порошок
B254,Итальянские травы
B254,Шоколад темный
B254,Детская каша
B255,Сыр гауда
B255,Сыр творожный
B255,Хлеб пшеничный
B255,Батон нарезной
B255,Ветчина
B255,Салат айсберг
B255,Яблоки
B256,Молоко 2.5%
B256,Йогурт натуральный
B256,Творог 5%
B256,Печенье овсяное
B256,Детское пюре яблочное
B256,Детская каша
B256,Подгузники
B256,Влажные салфетки
B257,Молоко 2.5%
B257,Хлеб пшеничный
B257,Яйца C1 10 шт
B257,Куриное филе
B257,Картофель
B257,Огурцы
B257,Салат айсберг
B257,Укроп
B257,Петрушка
B257,Яблоки
B257,Бананы
B257,Лимоны
B257,Гречка
B257,Подсолнечное масло
B257,Вода минеральная
B258,Молоко 2.5%
B258,Сыр гауда
B258,Хлеб пшеничный
B258,Куриное филе
B258,Картофель
B258,Лук репчатый
B258,Яблоки
B258,Рис длиннозерный
B258,Гречка
B258,Подсолнечное масло
B258,Вода минеральная
B259,Помидоры
B259,Перец болгарский
B259,Салат айсберг
B259,Шампиньоны
B259,Кабачки
B259,Баклажаны
B259,Булгур
B259,Оливковое масло
B259,Итальянские травы
B260,Сливки 10%
B260,Моцарелла
B260,Пармезан
B260,Фарш говяжий
B260,Шампиньоны
B260,Редис
B260,Клубника
B260,Макароны пенне
B260,Итальянские травы
B261,Сметана 20%
B261,Хлеб ржаной
B261,Говядина стейк
B261,Картофель
B261,Лук репчатый
B261,Чеснок
B261,Свекла
B261,Укроп
B262,Молоко 2.5%
B262,Батон нарезной
B262,Яйца C1 10 шт
B262,Куриные бедра
B262,Фарш говяжий
B262,Перец болгарский
B262,Бананы
B262,Гречка
B262,Макароны пенне
B262,Сахар
B262,Томатная паста
B262,Чай черный
B262,Вода минеральная
B262,Бумажные полотенца
B262,Туалетная бумага
B263,Куриное филе
B263,Шпинат
B263,Брокколи
B263,Авокадо
B263,Киноа
B263,Вода минеральная
B263,Миндаль
B264,Молоко 2.5%
B264,Батон нарезной
B264,Яйца C1 10 шт
B264,Куриные бедра
B264,Фарш говяжий
B264,Картофель
B264,Гречка
B264,Макароны пенне
B264,Сахар
B264,Чай черный
B264,Мороженое ванильное
B264,Бумажные полотенца
B264,Туалетная бумага
B265,Яйца C1 10 шт
B265,Чеснок
B265,Перец болгарский
B265,Кабачки
B265,Баклажаны
B265,Итальянские травы
B265,Газированная вода
B266,Сметана 20%
B266,Хлеб ржаной
B266,Яйца перепелиные
B266,Говядина стейк
B266,Картофель
B266,Морковь
B266,Лук репчатый
B266,Чеснок
B266,Свекла
B266,Печенье овсяное
B267,Лосось филе
B267,Картофель
B267,Огурцы
B267,Лимоны
B267,Оливковое масло
B267,Черный перец
B268,Сыр гауда
B268,Сливочное масло
B268,Хлеб пшеничный
B268,Бананы
B268,Овсяные хлопья
B268,Кофе молотый
B269,Хлеб пшеничный
B269,Лосось филе
B269,Огурцы
B269,Шпинат
B269,Лимоны
B269,Рис длиннозерный
B269,Оливковое масло
B269,Панировочные сухари
B269,Кофе молотый
B269,Средство для посуды
B270,Молоко 2.5%
B270,Круассаны
B270,Лимоны
B270,Овсяные хлопья
B270,Чай черный
B270,Кофе молотый
B270,Шоколад молочный
B270,Печенье овсяное
B270,Вафли
B270,Джем клубничный
B271,Молоко 2.5%
B271,Батон нарезной
B271,Яйца C1 10 шт
B271,Куриные бедра
B271,Фарш говяжий
B271,Картофель
B271,Морковь
B271,Лук репчатый
B271,Зеленый лук
B271,Петрушка
B271,Гречка
B271,Макароны пенне
B271,Сахар
B271,Фасоль консервированная
B271,Чай черный
B271,Кофе молотый
B271,Бумажные полотенца
B271,Туалетная бумага
B272,Молоко 2.5%
B272,Сливочное масло
B272,Яйца C1 10 шт
B272,Сахар
B272,Разрыхлитель теста
B272,Ванильный сахар
B272,Какао порошок
B272,Газированная вода
B272,Шоколад темный
B273,Яйца C1 10 шт
B273,Мука пшеничная
B273,Сахар
B273,Разрыхлитель теста
B273,Ванильный сахар
B273,Какао порошок
B273,Шоколад темный
B274,Молоко 2.5%
B274,Яйца C1 10 шт
B274,Зеленый лук
B274,Макароны спагетти
B274,Мука пшеничная
B274,Сахар
B274,Разрыхлитель теста
B274,Ванильный сахар
B274,Какао порошок
B274,Сок яблочный
B274,Шоколад темный
B275,Яйца C1 10 шт
B275,Сахар
B275,Разрыхлитель теста
B275,Ванильный сахар
B275,Какао порошок
B275,Шоколад темный
B276,Лосось филе
B276,Крабовые палочки
B276,Огурцы
B276,Авокадо
B276,Зеленый лук
B276,Имбирь
B276,Рис для суши
B276,Нори
B276,Соевый соус
B276,Шоколад молочный
B277,Йогурт греческий
B277,Молоко безлактозное
B277,Голубика
B277,Овсяные хлопья
B277,Мед
B277,Орехи грецкие
B277,Гранола
B278,Помидоры
B278,Перец болгарский
B278,Шампиньоны
B278,Кабачки
B278,Баклажаны
B278,Булгур
B278,Оливковое масло
B278,Итальянские травы
B278,Туалетная бумага
B279,Йогурт натуральный
B279,Бананы
B279,Вода минеральная
B279,Печенье овсяное
B279,Детское пюре яблочное
B279,Детская каша
B279,Подгузники
B280,Молоко 2.5%
B280,Сыр гауда
B280,Хлеб пшеничный
B280,Куриное филе
B280,Картофель
B280,Лук репчатый
B280,Авокадо
B280,Яблоки
B280,Лимоны
B280,Подсолнечное масло
B280,Чай черный
B280,Сок яблочный
B280,Вода минеральная
B280,Печенье овсяное
B281,Куриное филе
B281,Салат айсберг
B281,Брокколи
B281,Укроп
B281,Имбирь
B281,Лимоны
B281,Рис длиннозерный
B281,Кокосовое молоко
B281,Карри паста
B281,Вода минеральная
B281,Квас
B282,Молоко 2.5%
B282,Морковь
B282,Оливки
B282,Чай черный
B282,Печенье овсяное
B282,Джем клубничный
B283,Петрушка
B283,Лимоны
B283,Фасоль консервированная
B283,Горошек консервированный
B283,Кетчуп
B283,Газированная вода
B283,Мороженое ванильное
B283,Пельмени
B283,Вареники с картофелем
B284,Молоко 2.5%
B284,Йогурт натуральный
B284,Яблоки
B284,Бананы
B284,Сок яблочный
B284,Вода минеральная
B284,Хлопья кукурузные
B284,Детское пюре яблочное
B284,Детская каша
B284,Пакеты для мусора
B285,Йогурт натуральный
B285,Яблоки
B285,Бананы
B285,Апельсины
B285,Лимоны
B285,Груши
B285,Виноград
B285,Горчица
B285,Вода минеральная
B285,Печенье овсяное
B285,Орехи грецкие
B285,Средство для посуды
B286,Сыр гауда
B286,Сливочное масло
B286,Хлеб пшеничный
B286,Треска филе
B286,Бананы
B286,Овсяные хлопья
B287,Молоко 2.5%
B287,Йогурт натуральный
B287,Бананы
B287,Вода минеральная
B287,Детское пюре яблочное
B287,Детская каша
B287,Подгузники
B287,Влажные салфетки
B288,Молоко безлактозное
B288,Бананы
B288,Голубика
B288,Мед
B288,Орехи грецкие
B288,Детское пюре яблочное
B289,Молоко 2.5%
B289,Йогурт натуральный
B289,Бананы
B289,Детское пюре яблочное
B289,Детская каша
B289,Подгузники
B289,Влажные салфетки
B290,Лаваш
B290,Яйца C1 10 шт
B290,Куриные бедра
B290,Свинина для жарки
B290,Сельдь слабосоленая
B290,Картофель
B290,Морковь
B290,Помидоры
B290,Огурцы
B290,Перец болгарский
B290,Соевый соус
B290,Газированная вода
B290,Бумажные полотенца
B291,Влажные салфетки
B291,Средство для посуды
B291,Порошок стиральный
B291,Бумажные полотенца
B291,Туалетная бумага
B291,Пакеты для мусора
B292,Яйца C1 10 шт
B292,Куриные бедра
B292,Фарш говяжий
B292,Картофель
B292,Шпинат
B292,Зеленый лук
B292,Петрушка
B292,Яблоки
B292,Лимоны
B292,Гречка
B292,Овсяные хлопья
B292,Сахар
B292,Фасоль консервированная
B292,Чай черный
B292,Сок яблочный
B292,Порошок стиральный
B292,Бумажные полотенца
B293,Яйца C1 10 шт
B293,Колбаса докторская
B293,Картофель
B293,Огурцы
B293,Укроп
B293,Виноград
B293,Горошек консервированный
B293,Майонез
B293,Средство для посуды
B294,Молоко 2.5%
B294,Яйца C1 10 шт
B294,Лосось филе
B294,Огурцы
B294,Шпинат
B294,Бананы
B294,Лимоны
B294,Оливковое масло
B294,Черный перец
B294,Вода минеральная
B294,Мороженое ванильное
B294,Бумажные полотенца
B295,Сметана 20%
B295,Помидоры
B295,Кофе молотый
B295,Вода минеральная
B295,Корм для собак
B295,Наполнитель для кошачьего туалета
B295,Средство для посуды
B295,Бумажные полотенца
B295,Пакеты для мусора
B296,Моцарелла
B296,Хлебцы ржаные
B296,Лосось филе
B296,Крабовые палочки
B296,Огурцы
B296,Авокадо
B296,Соевый соус
B296,Газированная вода
B297,Сыр гауда
B297,Куриное филе
B297,Чеснок
B297,Шампиньоны
B297,Брокколи
B297,Авокадо
B297,Имбирь
B297,Лимоны
B297,Рис длиннозерный
B297,Кокосовое молоко
B297,Карри паста
B298,Лаваш
B298,Куриные бедра
B298,Свинина для жарки
B298,Помидоры
B298,Огурцы
B298,Кетчуп
B298,Чипсы картофельные
B298,Бумажные полотенца
B299,Молоко 2.5%
B299,Хлеб пшеничный
B299,Тунец консервированный
B299,Огурцы
B299,Перец болгарский
B299,Салат айсберг
B299,Шампиньоны
B299,Авокадо
B299,Клубника
B299,Подсолнечное масло
B299,Шоколад молочный
B299,Туалетная бумага
B300,Сыр гауда
B300,Булочки для бургеров
B300,Фарш говяжий
B300,Кетчуп
B300,Горчица
B300,Карри паста
B300,Картофель фри замороженный
