basket_id,basket_theme,n_items,items
B001,breakfast_basic,8,Молоко 2.5% | Сыр гауда | Сливочное масло | Хлеб пшеничный | Яйца C1 10 шт | Бананы | Овсяные хлопья | Кофе молотый
B002,tea_sweets,9,Молоко 2.5% | Сметана 20% | Круассаны | Картофель | Клубника | Кофе молотый | Печенье овсяное | Вафли | Джем клубничный
B003,breakfast_basic,6,Молоко 2.5% | Сыр гауда | Сливочное масло | Хлеб пшеничный | Яйца C1 10 шт | Кофе молотый
B004,weekly_stock,16,Молоко 2.5% | Сметана 20% | Сыр гауда | Хлеб пшеничный | Яйца C1 10 шт | Куриное филе | Картофель | Лук репчатый | Салат айсберг | Шпинат | Авокадо | Зеленый лук | Яблоки | Голубика | Рис длиннозерный | Вода минеральная
B005,fish_dinner,8,Лосось филе | Огурцы | Бананы | Лимоны | Рис длиннозерный | Оливковое масло | Черный перец | Вода минеральная
B006,lasagna_pasta,9,Сливки 10% | Моцарелла | Пармезан | Фарш говяжий | Макароны пенне | Томатная паста | Итальянские травы | Газированная вода | Бумажные полотенца
B007,salad_light,12,Молоко 2.5% | Лаваш | Тунец консервированный | Огурцы | Перец болгарский | Салат айсберг | Авокадо | Зеленый лук | Лимоны | Кукуруза консервированная | Итальянские травы | Сок яблочный
B008,fish_dinner,8,Лосось филе | Огурцы | Перец болгарский | Лимоны | Рис длиннозерный | Оливковое масло | Кетчуп | Вода минеральная
B009,healthy_breakfast,10,Йогурт греческий | Молоко безлактозное | Бананы | Виноград | Голубика | Овсяные хлопья | Мед | Орехи грецкие | Гранола | Средство для посуды
B010,frozen_quick,9,Морковь | Помидоры | Авокадо | Бананы | Кетчуп | Газированная вода | Пельмени | Вареники с картофелем | Бумажные полотенца
B011,breakfast_basic,9,Молоко 2.5% | Сыр гауда | Хлеб пшеничный | Яйца C1 10 шт | Огурцы | Перец болгарский | Редис | Кофе молотый | Туалетная бумага
B012,veggie_stew,9,Чеснок | Перец болгарский | Шампиньоны | Кабачки | Баклажаны | Булгур | Оливковое масло | Итальянские травы | Бумажные полотенца
B013,healthy_breakfast,6,Молоко безлактозное | Яблоки | Бананы | Печенье овсяное | Мед | Гранола
B014,pets_home,5,Бананы | Кофе молотый | Наполнитель для кошачьего туалета | Средство для посуды | Пакеты для мусора
B015,fitness_protein,6,Йогурт греческий | Авокадо | Овсяные хлопья | Вода минеральная | Миндаль | Сэндвич с курицей
B016,veggie_stew,7,Батон нарезной | Чеснок | Булгур | Оливковое масло | Соевый соус | Итальянские травы | Гранола
B017,sandwiches,10,Сыр гауда | Сыр творожный | Хлеб пшеничный | Куриное филе | Ветчина | Морковь | Помидоры | Огурцы | Салат айсберг | Петрушка
B018,burger_night,12,Сыр гауда | Булочки для бургеров | Бекон | Помидоры | Огурцы | Салат айсберг | Шпинат | Кетчуп | Горчица | Кофе молотый | Вода минеральная | Картофель фри замороженный
B019,curry_dinner,7,Куриное филе | Чеснок | Брокколи | Имбирь | Лимоны | Рис длиннозерный | Кокосовое молоко
B020,office_lunch,10,Йогурт натуральный | Котлеты куриные | Лук репчатый | Бананы | Голубика | Вода минеральная | Шоколад темный | Салат цезарь готовый | Сэндвич с курицей | Туалетная бумага
B021,baby_care,11,Молоко 2.5% | Йогурт натуральный | Творог 5% | Яблоки | Груши | Печенье овсяное | Детское пюре яблочное | Детская каша | Подгузники | Влажные салфетки | Туалетная бумага
B022,fish_dinner,7,Лосось филе | Огурцы | Шпинат | Бананы | Черный перец | Гранола | Салат цезарь готовый
B023,pasta_italian,8,Пармезан | Багет | Яйца C1 10 шт | Помидоры | Томатная паста | Соус песто | Итальянские травы | Кофе молотый
B024,mexican_tacos,13,Сыр гауда | Лаваш | Фарш говяжий | Помидоры | Баклажаны | Авокадо | Острый перец | Бананы | Голубика | Какао порошок | Кукуруза консервированная | Сальса | Миндаль
B025,frozen_quick,10,Сыр гауда | Яйца C1 10 шт | Огурцы | Кетчуп | Газированная вода | Мороженое ванильное | Пельмени | Вареники с картофелем | Овощная смесь замороженная | Пицца замороженная
B026,burger_night,9,Сыр гауда | Булочки для бургеров | Фарш говяжий | Бекон | Салат айсберг | Баклажаны | Укроп | Кетчуп | Горчица
B027,veggie_stew,8,Помидоры | Перец болгарский | Кабачки | Баклажаны | Булгур | Оливковое масло | Вода минеральная | Картофель фри замороженный
B028,weekly_stock,9,Молоко 2.5% | Сыр гауда | Хлеб пшеничный | Яйца C1 10 шт | Куриное филе | Лук репчатый | Гречка | Подсолнечное масло | Вода минеральная
B029,big_family_stock,15,Молоко 2.5% | Батон нарезной | Яйца C1 10 шт | Куриные бедра | Фарш говяжий | Картофель | Петрушка | Бананы | Гречка | Макароны пенне | Сахар | Чай черный | Мороженое ванильное | Бумажные полотенца | Туалетная бумага
B030,veggie_stew,7,Сметана 20% | Чеснок | Помидоры | Шампиньоны | Булгур | Оливковое масло | Итальянские травы
B031,bbq_picnic,11,Куриные бедра | Свинина для жарки | Помидоры | Огурцы | Лимоны | Кетчуп | Газированная вода | Джем клубничный | Чипсы картофельные | Бумажные полотенца | Туалетная бумага
B032,sandwiches,10,Сыр гауда | Сыр творожный | Хлеб пшеничный | Батон нарезной | Ветчина | Помидоры | Огурцы | Голубика | Чай черный | Сухарики
B033,baking_sweet,9,Яйца C1 10 шт | Говядина стейк | Шпинат | Лимоны | Мука пшеничная | Разрыхлитель теста | Ванильный сахар | Какао порошок | Порошок стиральный
B034,party_snacks,8,Бананы | Газированная вода | Квас | Мороженое ванильное | Пицца замороженная | Шоколад молочный | Чипсы картофельные | Сухарики
B035,veggie_stew,13,Чеснок | Помидоры | Шпинат | Шампиньоны | Кабачки | Баклажаны | Авокадо | Яблоки | Бананы | Булгур | Итальянские травы | Газированная вода | Средство для посуды
B036,weekly_stock,15,Молоко 2.5% | Сыр гауда | Хлеб пшеничный | Яйца C1 10 шт | Куриное филе | Картофель | Лук репчатый | Перец болгарский | Яблоки | Голубика | Рис длиннозерный | Гречка | Подсолнечное масло | Сок яблочный | Вода минеральная
B037,party_snacks,8,Сыр гауда | Сок яблочный | Газированная вода | Квас | Мороженое ванильное | Шоколад молочный | Чипсы картофельные | Сухарики
B038,tea_sweets,8,Молоко 2.5% | Чай черный | Кофе молотый | Вода минеральная | Шоколад молочный | Печенье овсяное | Вафли | Джем клубничный
B039,fruit_snack,7,Сыр гауда | Хлеб пшеничный | Бананы | Апельсины | Виноград | Вода минеральная | Орехи грецкие
B040,breakfast_basic,7,Молоко 2.5% | Сыр гауда | Сливочное масло | Хлеб пшеничный | Яйца C1 10 шт | Бананы | Кофе молотый
B041,lasagna_pasta,8,Сливки 10% | Моцарелла | Пармезан | Фарш говяжий | Шампиньоны | Макароны пенне | Томатная паста | Итальянские травы
B042,weekly_stock,17,Молоко 2.5% | Хлеб пшеничный | Яйца C1 10 шт | Куриное филе | Лук репчатый | Перец болгарский | Салат айсберг | Яблоки | Виноград | Клубника | Голубика | Рис длиннозерный | Гречка | Подсолнечное масло | Печенье овсяное | Порошок стиральный | Бумажные полотенца
B043,frozen_quick,6,Газированная вода | Квас | Мороженое ванильное | Пельмени | Вареники с картофелем | Средство для посуды
B044,pets_home,6,Корм для кошек | Корм для собак | Наполнитель для кошачьего туалета | Средство для посуды | Бумажные полотенца | Пакеты для мусора
B045,bbq_picnic,10,Лаваш | Куриные бедра | Свинина для жарки | Сосиски | Огурцы | Салат айсберг | Кетчуп | Картофель фри замороженный | Чипсы картофельные | Бумажные полотенца
B046,fitness_protein,7,Йогурт греческий | Куриное филе | Шпинат | Брокколи | Авокадо | Зеленый лук | Киноа
B047,pasta_italian,9,Молоко 2.5% | Лук репчатый | Чеснок | Лимоны | Макароны спагетти | Оливковое масло | Томатная паста | Итальянские травы | Чай черный
B048,breakfast_basic,8,Молоко 2.5% | Сыр гауда | Сливочное масло | Хлеб пшеничный | Свинина для жарки | Бананы | Овсяные хлопья | Кофе молотый
B049,burger_night,8,Сыр гауда | Булочки для бургеров | Бекон | Помидоры | Салат айсберг | Кетчуп | Горчица | Картофель фри замороженный
B050,seafood_asian,8,Креветки очищенные | Чеснок | Брокколи | Зеленый лук | Острый перец | Имбирь | Соевый соус | Соус терияки
B051,fish_dinner,8,Огурцы | Шпинат | Лимоны | Рис длиннозерный | Оливковое масло | Черный перец | Вода минеральная | Корм для собак
B052,breakfast_basic,10,Молоко 2.5% | Сыр гауда | Сливочное масло | Багет | Яйца C1 10 шт | Яблоки | Бананы | Овсяные хлопья | Кофе молотый | Шоколад молочный
B053,weekly_stock,10,Сыр гауда | Хлеб пшеничный | Яйца C1 10 шт | Куриное филе | Лук репчатый | Яблоки | Рис длиннозерный | Гречка | Подсолнечное масло | Туалетная бумага
B054,weekly_stock,14,Молоко 2.5% | Сыр гауда | Хлеб пшеничный | Яйца C1 10 шт | Куриное филе | Лук репчатый | Авокадо | Яблоки | Виноград | Рис длиннозерный | Гречка | Подсолнечное масло | Вода минеральная | Порошок стиральный
B055,borsch_soup,13,Сметана 20% | Хлеб ржаной | Говядина стейк | Картофель | Морковь | Лук репчатый | Чеснок | Капуста белокочанная | Свекла | Салат айсберг | Укроп | Соус терияки | Пакеты для мусора
B056,pasta_italian,11,Сыр гауда | Пармезан | Хлеб ржаной | Багет | Помидоры | Голубика | Оливковое масло | Томатная паста | Горошек консервированный | Соус песто | Итальянские травы
B057,household_cleaning,6,Овсяные хлопья | Влажные салфетки | Порошок стиральный | Бумажные полотенца | Туалетная бумага | Пакеты для мусора
B058,baking_sweet,9,Молоко 2.5% | Сыр гауда | Яйца C1 10 шт | Гречка | Мука пшеничная | Сахар | Разрыхлитель теста | Какао порошок | Вода минеральная
B059,frozen_quick,7,Яйца C1 10 шт | Картофель | Кетчуп | Мороженое ванильное | Вареники с картофелем | Овощная смесь замороженная | Пицца замороженная
B060,pasta_italian,8,Пармезан | Багет | Чеснок | Лимоны | Макароны спагетти | Сахар | Оливковое масло | Итальянские травы
B061,party_snacks,8,Салат айсберг | Шпинат | Шампиньоны | Газированная вода | Квас | Мороженое ванильное | Пицца замороженная | Сухарики
B062,burger_night,8,Сметана 20% | Бекон | Помидоры | Салат айсберг | Шпинат | Кетчуп | Горчица | Кофе молотый
B063,breakfast_basic,7,Молоко 2.5% | Сыр гауда | Хлеб пшеничный | Яйца C1 10 шт | Бананы | Овсяные хлопья | Кофе молотый
B064,fish_dinner,10,Лосось филе | Морковь | Лук репчатый | Огурцы | Шпинат | Лимоны | Рис длиннозерный | Оливковое масло | Разрыхлитель теста | Вода минеральная
B065,chicken_soup,7,Сливочное масло | Картофель | Морковь | Лук репчатый | Петрушка | Яблоки | Мороженое ванильное
B066,veggie_stew,11,Чеснок | Помидоры | Перец болгарский | Салат айсберг | Шампиньоны | Кабачки | Баклажаны | Булгур | Оливковое масло | Итальянские травы | Бумажные полотенца
B067,mexican_tacos,11,Сыр гауда | Лаваш | Фарш говяжий | Петрушка | Яблоки | Фасоль консервированная | Кукуруза консервированная | Сальса | Мороженое ванильное | Пицца замороженная | Бумажные полотенца
B068,pasta_italian,10,Пармезан | Багет | Чеснок | Помидоры | Шампиньоны | Макароны спагетти | Оливковое масло | Томатная паста | Соус песто | Итальянские травы
B069,breakfast_basic,7,Молоко 2.5% | Сыр гауда | Сливочное масло | Хлеб пшеничный | Яйца C1 10 шт | Бананы | Кофе молотый
B070,frozen_quick,8,Разрыхлитель теста | Кетчуп | Газированная вода | Мороженое ванильное | Пельмени | Вареники с картофелем | Овощная смесь замороженная | Пицца замороженная
B071,baby_care,5,Молоко 2.5% | Яблоки | Бананы | Груши | Подгузники
B072,mexican_tacos,11,Сыр гауда | Лаваш | Яйца C1 10 шт | Котлеты куриные | Авокадо | Зеленый лук | Острый перец | Фасоль консервированная | Кукуруза консервированная | Сальса | Газированная вода
B073,baking_sweet,11,Молоко 2.5% | Сливочное масло | Бананы | Виноград | Овсяные хлопья | Сахар | Панировочные сухари | Ванильный сахар | Какао порошок | Кофе молотый | Шоколад темный
B074,party_snacks,11,Куриное филе | Лук репчатый | Зеленый лук | Лимоны | Виноград | Газированная вода | Мороженое ванильное | Пицца замороженная | Шоколад молочный | Сухарики | Сэндвич с курицей
B075,kids_breakfast,6,Молоко 2.5% | Бананы | Сок яблочный | Хлопья кукурузные | Детское пюре яблочное | Детская каша
B076,salad_light,8,Тунец консервированный | Помидоры | Салат айсберг | Авокадо | Бананы | Овсяные хлопья | Оливковое масло | Мороженое ванильное
B077,russian_salads,6,Яйца C1 10 шт | Морковь | Укроп | Горошек консервированный | Майонез | Кофе молотый
B078,fitness_protein,11,Йогурт греческий | Яйца C1 10 шт | Куриное филе | Огурцы | Шпинат | Брокколи | Авокадо | Клубника | Киноа | Чай черный | Вода минеральная
B079,pets_home,6,Лук репчатый | Яблоки | Корм для кошек | Наполнитель для кошачьего туалета | Средство для посуды | Бумажные полотенца
B080,salad_light,8,Огурцы | Перец болгарский | Салат айсберг | Авокадо | Лимоны | Кукуруза консервированная | Шоколад молочный | Туалетная бумага
B081,fitness_protein,10,Молоко 2.5% | Йогурт греческий | Куриное филе | Шпинат | Брокколи | Авокадо | Киноа | Вода минеральная | Миндаль | Бумажные полотенца
B082,fish_dinner,12,Лосось филе | Помидоры | Огурцы | Перец болгарский | Шпинат | Бананы | Лимоны | Рис длиннозерный | Оливковое масло | Черный перец | Вода минеральная | Туалетная бумага
B083,lasagna_pasta,10,Сливки 10% | Моцарелла | Батон нарезной | Фарш говяжий | Салат айсберг | Шампиньоны | Яблоки | Томатная паста | Чай черный | Средство для посуды
B084,big_family_stock,12,Хлеб пшеничный | Батон нарезной | Яйца C1 10 шт | Куриные бедра | Фарш говяжий | Картофель | Перец болгарский | Гречка | Сахар | Томатная паста | Чай черный | Бумажные полотенца
B085,veggie_stew,11,Сыр гауда | Картофель | Чеснок | Помидоры | Перец болгарский | Шпинат | Шампиньоны | Кабачки | Баклажаны | Оливковое масло | Итальянские травы
B086,office_lunch,8,Шампиньоны | Укроп | Петрушка | Бананы | Чай черный | Вода минеральная | Шоколад темный | Сэндвич с курицей
B087,healthy_breakfast,6,Йогурт греческий | Бананы | Овсяные хлопья | Мед | Орехи грецкие | Гранола
B088,pets_home,5,Корм для собак | Наполнитель для кошачьего туалета | Средство для посуды | Бумажные полотенца | Пакеты для мусора
B089,bbq_picnic,14,Моцарелла | Лаваш | Куриные бедра | Свинина для жарки | Лук репчатый | Помидоры | Огурцы | Шампиньоны | Авокадо | Яблоки | Кетчуп | Газированная вода | Чипсы картофельные | Бумажные полотенца
B090,sushi_home,8,Хлеб ржаной | Лосось филе | Крабовые палочки | Имбирь | Рис для суши | Нори | Соевый соус | Влажные салфетки
B091,pasta_italian,12,Сметана 20% | Пармезан | Багет | Картофель | Чеснок | Помидоры | Перец болгарский | Макароны спагетти | Оливковое масло | Томатная паста | Соус песто | Итальянские травы
B092,breakfast_basic,9,Молоко 2.5% | Сыр гауда | Сливочное масло | Хлеб пшеничный | Яйца C1 10 шт | Морковь | Бананы | Овсяные хлопья | Кофе молотый
B093,bbq_picnic,7,Лаваш | Куриные бедра | Помидоры | Огурцы | Газированная вода | Чипсы картофельные | Бумажные полотенца
B094,pets_home,8,Сметана 20% | Яйца C1 10 шт | Вода минеральная | Корм для собак | Наполнитель для кошачьего туалета | Средство для посуды | Бумажные полотенца | Пакеты для мусора
B095,lasagna_pasta,9,Сливки 10% | Моцарелла | Пармезан | Фарш говяжий | Шампиньоны | Макароны пенне | Томатная паста | Итальянские травы | Шоколад молочный
B096,curry_dinner,7,Куриное филе | Брокколи | Имбирь | Лимоны | Рис длиннозерный | Кокосовое молоко | Карри паста
B097,lasagna_pasta,12,Сливки 10% | Моцарелла | Пармезан | Ряженка | Фарш говяжий | Лосось филе | Шампиньоны | Яблоки | Макароны пенне | Итальянские травы | Чай зеленый | Средство для посуды
B098,breakfast_basic,8,Молоко 2.5% | Сыр гауда | Сливочное масло | Хлеб пшеничный | Яйца C1 10 шт | Бананы | Овсяные хлопья | Кофе молотый
B099,weekly_stock,13,Яйца C1 10 шт | Картофель | Морковь | Лук репчатый | Огурцы | Петрушка | Лимоны | Клубника | Рис длиннозерный | Гречка | Подсолнечное масло | Фасоль консервированная | Вода минеральная
B100,baby_care,5,Молоко 2.5% | Детское пюре яблочное | Детская каша | Подгузники | Влажные салфетки
B101,sushi_home,10,Сыр гауда | Лосось филе | Крабовые палочки | Огурцы | Авокадо | Имбирь | Рис для суши | Нори | Томатная паста | Соевый соус
B102,bbq_picnic,9,Куриные бедра | Свинина для жарки | Помидоры | Огурцы | Голубика | Кетчуп | Газированная вода | Чипсы картофельные | Бумажные полотенца
B103,salad_light,9,Тунец консервированный | Помидоры | Огурцы | Перец болгарский | Авокадо | Лимоны | Оливковое масло | Кукуруза консервированная | Газированная вода
B104,kids_breakfast,9,Молоко 2.5% | Йогурт натуральный | Сок яблочный | Шоколад молочный | Печенье овсяное | Хлопья кукурузные | Детское пюре яблочное | Детская каша | Влажные салфетки
B105,baking_sweet,7,Молоко 2.5% | Сливочное масло | Мука пшеничная | Разрыхлитель теста | Ванильный сахар | Какао порошок | Шоколад темный
B106,office_lunch,6,Йогурт натуральный | Хлеб пшеничный | Бананы | Вода минеральная | Салат цезарь готовый | Сэндвич с курицей
B107,office_lunch,6,Йогурт натуральный | Кофе зерновой | Вода минеральная | Шоколад темный | Салат цезарь готовый | Сэндвич с курицей
B108,lasagna_pasta,7,Сливки 10% | Пармезан | Фарш говяжий | Огурцы | Макароны пенне | Итальянские травы | Средство для посуды
B109,salad_light,10,Молоко 2.5% | Тунец консервированный | Морковь | Помидоры | Огурцы | Перец болгарский | Салат айсберг | Укроп | Лимоны | Оливковое масло
B110,burger_night,12,Сыр гауда | Булочки для бургеров | Фарш говяжий | Бекон | Морковь | Помидоры | Укроп | Виноград | Киви | Кетчуп | Горчица | Мороженое ванильное
B111,veggie_stew,10,Хлеб пшеничный | Чеснок | Помидоры | Перец болгарский | Шпинат | Шампиньоны | Кабачки | Булгур | Итальянские травы | Влажные салфетки
B112,weekly_stock,16,Молоко 2.5% | Сыр гауда | Хлеб пшеничный | Яйца C1 10 шт | Картофель | Лук репчатый | Шампиньоны | Бананы | Лимоны | Рис длиннозерный | Овсяные хлопья | Подсолнечное масло | Фасоль консервированная | Чай черный | Вода минеральная | Порошок стиральный
B113,tea_sweets,10,Молоко 2.5% | Круассаны | Перец болгарский | Овсяные хлопья | Чай черный | Кофе молотый | Шоколад молочный | Печенье овсяное | Вафли | Джем клубничный
B114,breakfast_basic,7,Сливочное масло | Хлеб пшеничный | Яйца C1 10 шт | Огурцы | Бананы | Кофе молотый | Газированная вода
B115,frozen_quick,8,Бананы | Кетчуп | Газированная вода | Мороженое ванильное | Пельмени | Вареники с картофелем | Овощная смесь замороженная | Пицца замороженная
B116,household_cleaning,7,Куриное филе | Картофель | Чай черный | Порошок стиральный | Бумажные полотенца | Туалетная бумага | Пакеты для мусора
B117,household_cleaning,6,Овсяные хлопья | Влажные салфетки | Средство для посуды | Порошок стиральный | Туалетная бумага | Пакеты для мусора
B118,weekly_stock,13,Молоко 2.5% | Сыр гауда | Яйца C1 10 шт | Лук репчатый | Зеленый лук | Укроп | Яблоки | Рис длиннозерный | Овсяные хлопья | Подсолнечное масло | Вода минеральная | Газированная вода | Туалетная бумага
B119,salad_light,8,Тунец консервированный | Лук репчатый | Помидоры | Огурцы | Перец болгарский | Салат айсберг | Голубика | Киноа
B120,sushi_home,10,Яйца C1 10 шт | Ветчина | Лосось филе | Крабовые палочки | Огурцы | Авокадо | Имбирь | Соевый соус | Квас | Мед
B121,fruit_snack,12,Йогурт натуральный | Шпинат | Петрушка | Яблоки | Бананы | Апельсины | Груши | Виноград | Соус терияки | Печенье овсяное | Орехи грецкие | Пакеты для мусора
B122,lasagna_pasta,11,Моцарелла | Пармезан | Фарш говяжий | Морковь | Капуста белокочанная | Шампиньоны | Яблоки | Лимоны | Макароны пенне | Овсяные хлопья | Вода минеральная
B123,salad_light,12,Сыр гауда | Тунец консервированный | Огурцы | Салат айсберг | Шпинат | Авокадо | Петрушка | Лимоны | Оливковое масло | Кукуруза консервированная | Кофе молотый | Вода минеральная
B124,weekly_stock,12,Молоко 2.5% | Сыр гауда | Хлеб пшеничный | Куриное филе | Картофель | Лук репчатый | Яблоки | Рис длиннозерный | Гречка | Подсолнечное масло | Вода минеральная | Туалетная бумага
B125,mexican_tacos,9,Сыр гауда | Лаваш | Булочки для бургеров | Авокадо | Острый перец | Манго | Нори | Кукуруза консервированная | Сальса
B126,fish_dinner,8,Лосось филе | Огурцы | Шпинат | Лимоны | Рис длиннозерный | Оливковое масло | Черный перец | Вода минеральная
B127,office_lunch,8,Йогурт натуральный | Хлеб пшеничный | Огурцы | Бананы | Вода минеральная | Шоколад темный | Салат цезарь готовый | Сэндвич с курицей
B128,fish_dinner,7,Куриное филе | Лосось филе | Огурцы | Шпинат | Лимоны | Черный перец | Шоколад молочный
B129,salad_light,10,Сметана 20% | Тунец консервированный | Помидоры | Огурцы | Перец болгарский | Салат айсберг | Бананы | Оливковое масло | Фасоль консервированная | Кукуруза консервированная
B130,seafood_asian,11,Креветки очищенные | Чеснок | Салат айсберг | Брокколи | Зеленый лук | Острый перец | Имбирь | Лапша удон | Мука пшеничная | Соус терияки | Суп куриный готовый
B131,office_lunch,8,Йогурт натуральный | Шампиньоны | Бананы | Кофе зерновой | Вода минеральная | Шоколад темный | Салат цезарь готовый | Сэндвич с курицей
B132,sushi_home,10,Молоко 2.5% | Крабовые палочки | Огурцы | Салат айсберг | Авокадо | Овсяные хлопья | Нори | Соевый соус | Карри паста | Шоколад молочный
B133,big_family_stock,15,Молоко 2.5% | Батон нарезной | Яйца C1 10 шт | Картофель | Морковь | Салат айсберг | Петрушка | Клубника | Макароны пенне | Овсяные хлопья | Сахар | Чай черный | Печенье овсяное | Бумажные полотенца | Туалетная бумага
B134,breakfast_basic,10,Молоко 2.5% | Сыр гауда | Сливочное масло | Хлеб пшеничный | Яйца C1 10 шт | Бананы | Лимоны | Манго | Лапша удон | Овсяные хлопья
B135,sushi_home,10,Колбаса докторская | Лосось филе | Помидоры | Огурцы | Авокадо | Имбирь | Рис для суши | Нори | Соевый соус | Туалетная бумага
B136,fruit_snack,11,Йогурт натуральный | Помидоры | Яблоки | Бананы | Апельсины | Груши | Виноград | Оливковое масло | Соус песто | Овощная смесь замороженная | Орехи грецкие
B137,mexican_tacos,7,Сыр гауда | Лаваш | Фарш говяжий | Помидоры | Авокадо | Фасоль консервированная | Сальса
B138,baking_sweet,12,Молоко 2.5% | Сливочное масло | Хлеб пшеничный | Яйца C1 10 шт | Перец болгарский | Мука пшеничная | Сахар | Ванильный сахар | Какао порошок | Оливки | Шоколад темный | Туалетная бумага
B139,healthy_breakfast,5,Йогурт греческий | Молоко безлактозное | Бананы | Овсяные хлопья | Орехи грецкие
B140,frozen_quick,6,Хлеб пшеничный | Авокадо | Газированная вода | Пельмени | Вареники с картофелем | Овощная смесь замороженная
B141,bbq_picnic,14,Кефир | Куриные бедра | Огурцы | Виноград | Киви | Овсяные хлопья | Кетчуп | Сальса | Кофе молотый | Газированная вода | Мед | Чипсы картофельные | Детское пюре яблочное | Бумажные полотенца
B142,baby_care,7,Йогурт натуральный | Бананы | Груши | Детское пюре яблочное | Детская каша | Подгузники | Влажные салфетки
B143,breakfast_basic,8,Сыр гауда | Сливочное масло | Хлеб пшеничный | Яйца C1 10 шт | Бананы | Овсяные хлопья | Кофе молотый | Туалетная бумага
B144,sandwiches,10,Сыр гауда | Сыр творожный | Хлеб пшеничный | Ветчина | Лук репчатый | Огурцы | Перец болгарский | Салат айсберг | Клубника | Бумажные полотенца
B145,pasta_italian,11,Молоко безлактозное | Багет | Чеснок | Помидоры | Макароны спагетти | Оливковое масло | Томатная паста | Соус песто | Итальянские травы | Вода минеральная | Морс ягодный
B146,russian_salads,8,Яйца C1 10 шт | Куриное филе | Колбаса докторская | Картофель | Морковь | Укроп | Виноград | Горошек консервированный
B147,russian_salads,10,Яйца C1 10 шт | Колбаса докторская | Картофель | Огурцы | Авокадо | Укроп | Имбирь | Овсяные хлопья | Горошек консервированный | Суп куриный готовый
B148,breakfast_basic,10,Молоко 2.5% | Хлеб пшеничный | Яйца C1 10 шт | Шампиньоны | Зеленый лук | Петрушка | Бананы | Овсяные хлопья | Чай черный | Кофе молотый
B149,bbq_picnic,12,Лаваш | Куриное филе | Куриные бедра | Свинина для жарки | Картофель | Лук репчатый | Помидоры | Огурцы | Кетчуп | Кофе молотый | Газированная вода | Чипсы картофельные
B150,pasta_italian,7,Морковь | Чеснок | Помидоры | Киви | Макароны спагетти | Соус песто | Итальянские травы
B151,veggie_stew,9,Чеснок | Помидоры | Шампиньоны | Кабачки | Оливковое масло | Итальянские травы | Чай черный | Мороженое ванильное | Средство для посуды
B152,veggie_stew,12,Чеснок | Перец болгарский | Шампиньоны | Кабачки | Баклажаны | Виноград | Булгур | Оливковое масло | Итальянские травы | Кофе молотый | Печенье овсяное | Туалетная бумага
B153,pasta_italian,10,Пармезан | Багет | Куриное филе | Чеснок | Помидоры | Оливковое масло | Соус песто | Паприка | Итальянские травы | Вода минеральная
B154,big_family_stock,10,Молоко 2.5% | Яйца C1 10 шт | Фарш говяжий | Картофель | Морковь | Лимоны | Гречка | Сахар | Бумажные полотенца | Туалетная бумага
B155,pets_home,6,Корм для кошек | Корм для собак | Наполнитель для кошачьего туалета | Средство для посуды | Бумажные полотенца | Пакеты для мусора
B156,weekly_stock,14,Молоко 2.5% | Сметана 20% | Сыр гауда | Хлеб пшеничный | Яйца C1 10 шт | Куриное филе | Картофель | Лук репчатый | Авокадо | Виноград | Голубика | Рис длиннозерный | Овсяные хлопья | Вода минеральная
B157,pets_home,6,Сыр гауда | Хлеб пшеничный | Корм для кошек | Наполнитель для кошачьего туалета | Средство для посуды | Бумажные полотенца
B158,salad_light,13,Моцарелла | Свинина для жарки | Тунец консервированный | Помидоры | Огурцы | Перец болгарский | Салат айсберг | Авокадо | Лимоны | Оливковое масло | Кукуруза консервированная | Карри паста | Пакеты для мусора
B159,tea_sweets,6,Лимоны | Чай черный | Кофе молотый | Печенье овсяное | Вафли | Джем клубничный
B160,salad_light,8,Огурцы | Перец болгарский | Шпинат | Лимоны | Оливковое масло | Кукуруза консервированная | Газированная вода | Туалетная бумага
B161,borsch_soup,12,Молоко 2.5% | Сметана 20% | Хлеб ржаной | Говядина стейк | Морковь | Лук репчатый | Чеснок | Капуста белокочанная | Свекла | Зеленый лук | Укроп | Порошок стиральный
B162,chicken_soup,9,Куриные бедра | Картофель | Лук репчатый | Помидоры | Шампиньоны | Петрушка | Лапша удон | Черный перец | Суп куриный готовый
B163,curry_dinner,11,Куриное филе | Чеснок | Помидоры | Шпинат | Шампиньоны | Брокколи | Имбирь | Рис длиннозерный | Подсолнечное масло | Кокосовое молоко | Газированная вода
B164,household_cleaning,5,Молоко 2.5% | Мороженое ванильное | Порошок стиральный | Туалетная бумага | Пакеты для мусора
B165,kids_breakfast,12,Молоко 2.5% | Йогурт натуральный | Творог 5% | Бананы | Сок яблочный | Вода минеральная | Печенье овсяное | Хлопья кукурузные | Детское пюре яблочное | Детская каша | Влажные салфетки | Бумажные полотенца
B166,frozen_quick,9,Лаваш | Куриное филе | Кетчуп | Газированная вода | Пельмени | Вареники с картофелем | Овощная смесь замороженная | Пицца замороженная | Мед
B167,office_lunch,6,Йогурт натуральный | Бананы | Кофе зерновой | Вода минеральная | Шоколад темный | Салат цезарь готовый
B168,lasagna_pasta,9,Сливки 10% | Моцарелла | Фарш говяжий | Лосось филе | Шампиньоны | Укроп | Голубика | Макароны пенне | Томатная паста
B169,veggie_stew,11,Чеснок | Помидоры | Перец болгарский | Шампиньоны | Кабачки | Авокадо | Зеленый лук | Петрушка | Клубника | Голубика | Булгур
B170,baking_sweet,7,Молоко 2.5% | Сливочное масло | Яйца C1 10 шт | Мука пшеничная | Сахар | Ванильный сахар | Какао порошок
B171,burger_night,8,Булочки для бургеров | Фарш говяжий | Помидоры | Авокадо | Макароны спагетти | Кетчуп | Горчица | Картофель фри замороженный
B172,frozen_quick,5,Кетчуп | Мороженое ванильное | Пельмени | Вареники с картофелем | Туалетная бумага
B173,breakfast_basic,8,Молоко 2.5% | Сыр гауда | Сливочное масло | Хлеб пшеничный | Яйца C1 10 шт | Бананы | Овсяные хлопья | Кофе молотый
B174,frozen_quick,5,Огурцы | Газированная вода | Пельмени | Вареники с картофелем | Пицца замороженная
B175,weekly_stock,16,Сыр гауда | Хлеб пшеничный | Яйца C1 10 шт | Куриное филе | Картофель | Лук репчатый | Салат айсберг | Шампиньоны | Зеленый лук | Укроп | Яблоки | Рис длиннозерный | Гречка | Макароны пенне | Подсолнечное масло | Вода минеральная
B176,pets_home,5,Сметана 20% | Мороженое ванильное | Корм для кошек | Наполнитель для кошачьего туалета | Средство для посуды
B177,pets_home,6,Помидоры | Овсяные хлопья | Корм для собак | Средство для посуды | Бумажные полотенца | Пакеты для мусора
B178,pets_home,7,Молоко 2.5% | Хлеб пшеничный | Морковь | Корм для собак | Наполнитель для кошачьего туалета | Бумажные полотенца | Пакеты для мусора
B179,burger_night,7,Сыр гауда | Булочки для бургеров | Фарш говяжий | Бекон | Помидоры | Салат айсберг | Кетчуп
B180,seafood_asian,10,Сметана 20% | Сыр гауда | Котлеты куриные | Креветки очищенные | Чеснок | Огурцы | Брокколи | Имбирь | Соевый соус | Сэндвич с курицей
B181,lasagna_pasta,9,Молоко 2.5% | Сливки 10% | Моцарелла | Пармезан | Фарш говяжий | Морковь | Помидоры | Макароны пенне | Томатная паста
B182,curry_dinner,9,Чеснок | Брокколи | Авокадо | Имбирь | Лимоны | Рис длиннозерный | Кокосовое молоко | Горчица | Карри паста
B183,veggie_stew,7,Сметана 20% | Морковь | Помидоры | Шампиньоны | Кабачки | Оливковое масло | Итальянские травы
B184,salad_light,11,Колбаса докторская | Морковь | Помидоры | Огурцы | Перец болгарский | Шампиньоны | Авокадо | Клубника | Кукуруза консервированная | Шоколад молочный | Корм для кошек
B185,baby_care,7,Молоко 2.5% | Йогурт натуральный | Бананы | Детское пюре яблочное | Детская каша | Подгузники | Влажные салфетки
B186,kids_breakfast,6,Йогурт натуральный | Бананы | Хлопья кукурузные | Детское пюре яблочное | Детская каша | Влажные салфетки
B187,burger_night,11,Сыр гауда | Булочки для бургеров | Куриное филе | Фарш говяжий | Бекон | Помидоры | Салат айсберг | Виноград | Кетчуп | Горчица | Картофель фри замороженный
B188,mexican_tacos,8,Сыр гауда | Лаваш | Помидоры | Авокадо | Острый перец | Фасоль консервированная | Кукуруза консервированная | Сальса
B189,fruit_snack,10,Помидоры | Укроп | Яблоки | Бананы | Апельсины | Груши | Овсяные хлопья | Корица | Орехи грецкие | Наполнитель для кошачьего туалета
B190,baking_sweet,6,Молоко 2.5% | Сливочное масло | Киви | Разрыхлитель теста | Ванильный сахар | Шоколад темный
B191,chicken_soup,7,Куриные бедра | Картофель | Морковь | Лук репчатый | Петрушка | Лапша удон | Суп куриный готовый
B192,fruit_snack,10,Йогурт натуральный | Куриное филе | Яблоки | Бананы | Апельсины | Груши | Виноград | Сальса | Печенье овсяное | Орехи грецкие
B193,burger_night,12,Сыр гауда | Хлеб пшеничный | Булочки для бургеров | Фарш говяжий | Бекон | Помидоры | Салат айсберг | Петрушка | Яблоки | Ванильный сахар | Кетчуп | Горчица
B194,burger_night,7,Сыр гауда | Булочки для бургеров | Фарш говяжий | Бекон | Помидоры | Салат айсберг | Горчица
B195,russian_salads,10,Молоко 2.5% | Яйца C1 10 шт | Колбаса докторская | Картофель | Огурцы | Укроп | Голубика | Кофе молотый | Вода минеральная | Корм для собак
B196,sandwiches,10,Сыр творожный | Хлеб пшеничный | Батон нарезной | Ветчина | Помидоры | Огурцы | Укроп | Виноград | Чипсы картофельные | Арахисовая паста
B197,breakfast_basic,8,Сыр гауда | Сливочное масло | Хлеб пшеничный | Яйца C1 10 шт | Бананы | Овсяные хлопья | Кофе молотый | Вафли
B198,salad_light,13,Тунец консервированный | Помидоры | Огурцы | Перец болгарский | Салат айсберг | Авокадо | Бананы | Оливковое масло | Кукуруза консервированная | Чай черный | Газированная вода | Картофель фри замороженный | Арахисовая паста
B199,burger_night,9,Сыр гауда | Фарш говяжий | Бекон | Помидоры | Салат айсберг | Зеленый лук | Яблоки | Горчица | Картофель фри замороженный
B200,baby_care,9,Молоко 2.5% | Йогурт натуральный | Бананы | Груши | Печенье овсяное | Детское пюре яблочное | Подгузники | Влажные салфетки | Средство для посуды
B201,salad_light,9,Тунец консервированный | Помидоры | Огурцы | Перец болгарский | Салат айсберг | Авокадо | Лимоны | Оливковое масло | Мороженое ванильное
B202,kids_breakfast,8,Молоко 2.5% | Йогурт натуральный | Бананы | Сок яблочный | Хлопья кукурузные | Детская каша | Влажные салфетки | Пакеты для мусора
B203,mexican_tacos,6,Сыр гауда | Морковь | Помидоры | Авокадо | Кукуруза консервированная | Сальса
B204,pasta_italian,10,Пармезан | Багет | Чеснок | Манго | Макароны спагетти | Оливковое масло | Томатная паста | Соус песто | Итальянские травы | Корм для кошек
B205,party_snacks,9,Хлеб пшеничный | Гречка | Газированная вода | Квас | Мороженое ванильное | Пицца замороженная | Шоколад молочный | Чипсы картофельные | Сухарики
B206,bbq_picnic,8,Сметана 20% | Свинина для жарки | Помидоры | Огурцы | Кетчуп | Газированная вода | Шоколад молочный | Чипсы картофельные
B207,healthy_breakfast,7,Сыр гауда | Йогурт греческий | Молоко безлактозное | Бананы | Голубика | Рис длиннозерный | Мед
B208,breakfast_basic,10,Молоко 2.5% | Сыр гауда | Хлеб пшеничный | Яйца C1 10 шт | Ветчина | Салат айсберг | Авокадо | Бананы | Овсяные хлопья | Кофе молотый
B209,fruit_snack,10,Йогурт натуральный | Огурцы | Яблоки | Бананы | Апельсины | Груши | Виноград | Кофе молотый | Печенье овсяное | Орехи грецкие
B210,salad_light,7,Тунец консервированный | Помидоры | Огурцы | Перец болгарский | Салат айсберг | Кукуруза консервированная | Суп куриный готовый
B211,breakfast_basic,11,Сыр гауда | Сливочное масло | Хлеб пшеничный | Яйца C1 10 шт | Перец болгарский | Зеленый лук | Бананы | Манго | Овсяные хлопья | Кофе молотый | Вода минеральная
B212,lasagna_pasta,8,Моцарелла | Пармезан | Фарш говяжий | Шампиньоны | Томатная паста | Итальянские травы | Хлопья кукурузные | Пакеты для мусора
B213,fish_dinner,8,Лосось филе | Огурцы | Шпинат | Лимоны | Рис длиннозерный | Оливковое масло | Черный перец | Вода минеральная
B214,mexican_tacos,7,Лаваш | Фарш говяжий | Сельдь слабосоленая | Помидоры | Острый перец | Фасоль консервированная | Кукуруза консервированная
B215,curry_dinner,9,Куриное филе | Чеснок | Перец болгарский | Брокколи | Имбирь | Лимоны | Рис длиннозерный | Кокосовое молоко | Карри паста
B216,tea_sweets,7,Молоко 2.5% | Круассаны | Кофе молотый | Шоколад молочный | Печенье овсяное | Вафли | Джем клубничный
B217,fruit_snack,8,Молоко 2.5% | Яблоки | Бананы | Апельсины | Груши | Виноград | Печенье овсяное | Орехи грецкие
B218,healthy_breakfast,7,Йогурт греческий | Молоко безлактозное | Бананы | Овсяные хлопья | Мед | Орехи грецкие | Гранола
B219,baking_sweet,12,Яйца C1 10 шт | Чеснок | Зеленый лук | Имбирь | Мука пшеничная | Сахар | Разрыхлитель теста | Ванильный сахар | Какао порошок | Шоколад темный | Средство для посуды | Пакеты для мусора
B220,veggie_stew,8,Яйца C1 10 шт | Лук репчатый | Перец болгарский | Шампиньоны | Кабачки | Баклажаны | Оливковое масло | Итальянские травы
B221,chicken_soup,6,Куриные бедра | Креветки очищенные | Морковь | Лук репчатый | Лапша удон | Суп куриный готовый
B222,baby_care,8,Молоко 2.5% | Яблоки | Бананы | Груши | Печенье овсяное | Детское пюре яблочное | Детская каша | Влажные салфетки
B223,borsch_soup,9,Сметана 20% | Хлеб ржаной | Говядина стейк | Картофель | Морковь | Лук репчатый | Свекла | Шоколад молочный | Миндаль
B224,kids_breakfast,8,Молоко 2.5% | Йогурт натуральный | Бананы | Сок яблочный | Вода минеральная | Печенье овсяное | Детское пюре яблочное | Влажные салфетки
B225,weekly_stock,15,Молоко 2.5% | Сыр гауда | Хлеб пшеничный | Яйца C1 10 шт | Куриное филе | Картофель | Авокадо | Петрушка | Яблоки | Рис длиннозерный | Гречка | Овсяные хлопья | Чай черный | Вода минеральная | Порошок стиральный
B226,breakfast_basic,11,Молоко 2.5% | Сыр гауда | Хлеб пшеничный | Яйца C1 10 шт | Капуста белокочанная | Бананы | Овсяные хлопья | Чай черный | Кофе молотый | Суп куриный готовый | Корм для кошек
B227,fruit_snack,9,Хлеб пшеничный | Лук репчатый | Яблоки | Бананы | Апельсины | Виноград | Вода минеральная | Печенье овсяное | Орехи грецкие
B228,breakfast_basic,12,Сыр гауда | Сливочное масло | Хлеб пшеничный | Яйца C1 10 шт | Огурцы | Яблоки | Бананы | Лимоны | Виноград | Овсяные хлопья | Кофе молотый | Средство для посуды
B229,weekly_stock,10,Молоко 2.5% | Сыр гауда | Хлеб пшеничный | Яйца C1 10 шт | Куриное филе | Картофель | Лук репчатый | Яблоки | Гречка | Подсолнечное масло
B230,seafood_asian,8,Креветки очищенные | Чеснок | Брокколи | Зеленый лук | Острый перец | Бананы | Лапша удон | Соус терияки
B231,curry_dinner,10,Куриное филе | Брокколи | Петрушка | Имбирь | Лимоны | Голубика | Рис длиннозерный | Кокосовое молоко | Карри паста | Кофе молотый
B232,office_lunch,8,Йогурт натуральный | Бананы | Кофе молотый | Кофе зерновой | Вода минеральная | Шоколад темный | Салат цезарь готовый | Сэндвич с курицей
B233,baby_care,7,Молоко 2.5% | Йогурт натуральный | Бананы | Детское пюре яблочное | Детская каша | Подгузники | Влажные салфетки
B234,big_family_stock,14,Молоко 2.5% | Сметана 20% | Батон нарезной | Яйца C1 10 шт | Куриные бедра | Фарш говяжий | Зеленый лук | Яблоки | Голубика | Гречка | Чай черный | Бумажные полотенца | Туалетная бумага | Пакеты для мусора
B235,fish_dinner,8,Лосось филе | Огурцы | Шпинат | Лимоны | Рис длиннозерный | Оливковое масло | Черный перец | Вода минеральная
B236,big_family_stock,13,Молоко 2.5% | Яйца C1 10 шт | Куриные бедра | Фарш говяжий | Картофель | Салат айсберг | Лимоны | Гречка | Макароны пенне | Сахар | Чай черный | Бумажные полотенца | Туалетная бумага
B237,seafood_asian,7,Креветки очищенные | Чеснок | Зеленый лук | Острый перец | Имбирь | Соевый соус | Соус терияки
B238,kids_breakfast,6,Молоко 2.5% | Бананы | Сок яблочный | Хлопья кукурузные | Детское пюре яблочное | Детская каша
B239,household_cleaning,7,Сметана 20% | Картофель | Вода минеральная | Влажные салфетки | Порошок стиральный | Бумажные полотенца | Пакеты для мусора
B240,weekly_stock,15,Молоко 2.5% | Сыр гауда | Хлеб пшеничный | Куриное филе | Картофель | Перец болгарский | Салат айсберг | Укроп | Петрушка | Яблоки | Гречка | Подсолнечное масло | Чай черный | Кофе молотый | Шоколад молочный
B241,party_snacks,12,Авокадо | Бананы | Фасоль консервированная | Карри паста | Газированная вода | Квас | Мороженое ванильное | Пицца замороженная | Шоколад молочный | Печенье овсяное | Чипсы картофельные | Сухарики
B242,healthy_breakfast,8,Молоко безлактозное | Шпинат | Бананы | Голубика | Овсяные хлопья | Картофель фри замороженный | Мед | Орехи грецкие
B243,chicken_soup,8,Куриные бедра | Картофель | Морковь | Петрушка | Лапша удон | Черный перец | Мороженое ванильное | Суп куриный готовый
B244,pasta_italian,10,Багет | Треска филе | Чеснок | Макароны спагетти | Оливковое масло | Томатная паста | Соус песто | Итальянские травы | Кофе молотый | Суп куриный готовый
B245,burger_night,13,Булочки для бургеров | Фарш говяжий | Бекон | Помидоры | Перец болгарский | Салат айсберг | Шампиньоны | Яблоки | Кетчуп | Горчица | Картофель фри замороженный | Детское пюре яблочное | Пакеты для мусора
B246,baking_sweet,11,Молоко 2.5% | Яйца C1 10 шт | Салат айсберг | Шампиньоны | Лимоны | Виноград | Сахар | Разрыхлитель теста | Ванильный сахар | Какао порошок | Шоколад темный
B247,frozen_quick,7,Куриное филе | Петрушка | Мороженое ванильное | Вареники с картофелем | Овощная смесь замороженная | Пицца замороженная | Шоколад молочный
B248,fruit_snack,8,Хлеб пшеничный | Салат айсберг | Зеленый лук | Бананы | Апельсины | Виноград | Печенье овсяное | Орехи грецкие
B249,fruit_snack,8,Яблоки | Бананы | Апельсины | Груши | Кофе молотый | Вода минеральная | Печенье овсяное | Орехи грецкие
B250,seafood_asian,9,Креветки очищенные | Чеснок | Капуста белокочанная | Брокколи | Зеленый лук | Имбирь | Лапша удон | Соевый соус | Арахисовая паста
B251,fruit_snack,7,Йогурт натуральный | Яблоки | Апельсины | Виноград | Лапша удон | Печенье овсяное | Орехи грецкие
B252,fruit_snack,12,Йогурт натуральный | Сыр гауда | Морковь | Бананы | Апельсины | Груши | Виноград | Печенье овсяное | Орехи грецкие | Салат цезарь готовый | Влажные салфетки | Порошок стиральный
B253,salad_light,14,Яйца C1 10 шт | Картофель | Помидоры | Огурцы | Перец болгарский | Салат айсберг | Авокадо | Бананы | Лимоны | Овсяные хлопья | Оливковое масло | Кукуруза консервированная | Чай черный | Средство для посуды
B254,baking_sweet,10,Молоко 2.5% | Сливочное масло | Яйца C1 10 шт | Мука пшеничная | Сахар | Разрыхлитель теста | Какао порошок | Итальянские травы | Шоколад темный | Детская каша
B255,sandwiches,7,Сыр гауда | Сыр творожный | Хлеб пшеничный | Батон нарезной | Ветчина | Салат айсберг | Яблоки
B256,baby_care,8,Молоко 2.5% | Йогурт натуральный | Творог 5% | Печенье овсяное | Детское пюре яблочное | Детская каша | Подгузники | Влажные салфетки
B257,weekly_stock,15,Молоко 2.5% | Хлеб пшеничный | Яйца C1 10 шт | Куриное филе | Картофель | Огурцы | Салат айсберг | Укроп | Петрушка | Яблоки | Бананы | Лимоны | Гречка | Подсолнечное масло | Вода минеральная
B258,weekly_stock,11,Молоко 2.5% | Сыр гауда | Хлеб пшеничный | Куриное филе | Картофель | Лук репчатый | Яблоки | Рис длиннозерный | Гречка | Подсолнечное масло | Вода минеральная
B259,veggie_stew,9,Помидоры | Перец болгарский | Салат айсберг | Шампиньоны | Кабачки | Баклажаны | Булгур | Оливковое масло | Итальянские травы
B260,lasagna_pasta,9,Сливки 10% | Моцарелла | Пармезан | Фарш говяжий | Шампиньоны | Редис | Клубника | Макароны пенне | Итальянские травы
B261,borsch_soup,8,Сметана 20% | Хлеб ржаной | Говядина стейк | Картофель | Лук репчатый | Чеснок | Свекла | Укроп
B262,big_family_stock,15,Молоко 2.5% | Батон нарезной | Яйца C1 10 шт | Куриные бедра | Фарш говяжий | Перец болгарский | Бананы | Гречка | Макароны пенне | Сахар | Томатная паста | Чай черный | Вода минеральная | Бумажные полотенца | Туалетная бумага
B263,fitness_protein,7,Куриное филе | Шпинат | Брокколи | Авокадо | Киноа | Вода минеральная | Миндаль
B264,big_family_stock,13,Молоко 2.5% | Батон нарезной | Яйца C1 10 шт | Куриные бедра | Фарш говяжий | Картофель | Гречка | Макароны пенне | Сахар | Чай черный | Мороженое ванильное | Бумажные полотенца | Туалетная бумага
B265,veggie_stew,7,Яйца C1 10 шт | Чеснок | Перец болгарский | Кабачки | Баклажаны | Итальянские травы | Газированная вода
B266,borsch_soup,10,Сметана 20% | Хлеб ржаной | Яйца перепелиные | Говядина стейк | Картофель | Морковь | Лук репчатый | Чеснок | Свекла | Печенье овсяное
B267,fish_dinner,6,Лосось филе | Картофель | Огурцы | Лимоны | Оливковое масло | Черный перец
B268,breakfast_basic,6,Сыр гауда | Сливочное масло | Хлеб пшеничный | Бананы | Овсяные хлопья | Кофе молотый
B269,fish_dinner,10,Хлеб пшеничный | Лосось филе | Огурцы | Шпинат | Лимоны | Рис длиннозерный | Оливковое масло | Панировочные сухари | Кофе молотый | Средство для посуды
B270,tea_sweets,10,Молоко 2.5% | Круассаны | Лимоны | Овсяные хлопья | Чай черный | Кофе молотый | Шоколад молочный | Печенье овсяное | Вафли | Джем клубничный
B271,big_family_stock,18,Молоко 2.5% | Батон нарезной | Яйца C1 10 шт | Куриные бедра | Фарш говяжий | Картофель | Морковь | Лук репчатый | Зеленый лук | Петрушка | Гречка | Макароны пенне | Сахар | Фасоль консервированная | Чай черный | Кофе молотый | Бумажные полотенца | Туалетная бумага
B272,baking_sweet,9,Молоко 2.5% | Сливочное масло | Яйца C1 10 шт | Сахар | Разрыхлитель теста | Ванильный сахар | Какао порошок | Газированная вода | Шоколад темный
B273,baking_sweet,7,Яйца C1 10 шт | Мука пшеничная | Сахар | Разрыхлитель теста | Ванильный сахар | Какао порошок | Шоколад темный
B274,baking_sweet,11,Молоко 2.5% | Яйца C1 10 шт | Зеленый лук | Макароны спагетти | Мука пшеничная | Сахар | Разрыхлитель теста | Ванильный сахар | Какао порошок | Сок яблочный | Шоколад темный
B275,baking_sweet,6,Яйца C1 10 шт | Сахар | Разрыхлитель теста | Ванильный сахар | Какао порошок | Шоколад темный
B276,sushi_home,10,Лосось филе | Крабовые палочки | Огурцы | Авокадо | Зеленый лук | Имбирь | Рис для суши | Нори | Соевый соус | Шоколад молочный
B277,healthy_breakfast,7,Йогурт греческий | Молоко безлактозное | Голубика | Овсяные хлопья | Мед | Орехи грецкие | Гранола
B278,veggie_stew,9,Помидоры | Перец болгарский | Шампиньоны | Кабачки | Баклажаны | Булгур | Оливковое масло | Итальянские травы | Туалетная бумага
B279,baby_care,7,Йогурт натуральный | Бананы | Вода минеральная | Печенье овсяное | Детское пюре яблочное | Детская каша | Подгузники
B280,weekly_stock,14,Молоко 2.5% | Сыр гауда | Хлеб пшеничный | Куриное филе | Картофель | Лук репчатый | Авокадо | Яблоки | Лимоны | Подсолнечное масло | Чай черный | Сок яблочный | Вода минеральная | Печенье овсяное
B281,curry_dinner,11,Куриное филе | Салат айсберг | Брокколи | Укроп | Имбирь | Лимоны | Рис длиннозерный | Кокосовое молоко | Карри паста | Вода минеральная | Квас
B282,tea_sweets,6,Молоко 2.5% | Морковь | Оливки | Чай черный | Печенье овсяное | Джем клубничный
B283,frozen_quick,9,Петрушка | Лимоны | Фасоль консервированная | Горошек консервированный | Кетчуп | Газированная вода | Мороженое ванильное | Пельмени | Вареники с картофелем
B284,kids_breakfast,10,Молоко 2.5% | Йогурт натуральный | Яблоки | Бананы | Сок яблочный | Вода минеральная | Хлопья кукурузные | Детское пюре яблочное | Детская каша | Пакеты для мусора
B285,fruit_snack,12,Йогурт натуральный | Яблоки | Бананы | Апельсины | Лимоны | Груши | Виноград | Горчица | Вода минеральная | Печенье овсяное | Орехи грецкие | Средство для посуды
B286,breakfast_basic,6,Сыр гауда | Сливочное масло | Хлеб пшеничный | Треска филе | Бананы | Овсяные хлопья
B287,baby_care,8,Молоко 2.5% | Йогурт натуральный | Бананы | Вода минеральная | Детское пюре яблочное | Детская каша | Подгузники | Влажные салфетки
B288,healthy_breakfast,6,Молоко безлактозное | Бананы | Голубика | Мед | Орехи грецкие | Детское пюре яблочное
B289,baby_care,7,Молоко 2.5% | Йогурт натуральный | Бананы | Детское пюре яблочное | Детская каша | Подгузники | Влажные салфетки
B290,bbq_picnic,13,Лаваш | Яйца C1 10 шт | Куриные бедра | Свинина для жарки | Сельдь слабосоленая | Картофель | Морковь | Помидоры | Огурцы | Перец болгарский | Соевый соус | Газированная вода | Бумажные полотенца
B291,household_cleaning,6,Влажные салфетки | Средство для посуды | Порошок стиральный | Бумажные полотенца | Туалетная бумага | Пакеты для мусора
B292,big_family_stock,17,Яйца C1 10 шт | Куриные бедра | Фарш говяжий | Картофель | Шпинат | Зеленый лук | Петрушка | Яблоки | Лимоны | Гречка | Овсяные хлопья | Сахар | Фасоль консервированная | Чай черный | Сок яблочный | Порошок стиральный | Бумажные полотенца
B293,russian_salads,9,Яйца C1 10 шт | Колбаса докторская | Картофель | Огурцы | Укроп | Виноград | Горошек консервированный | Майонез | Средство для посуды
B294,fish_dinner,12,Молоко 2.5% | Яйца C1 10 шт | Лосось филе | Огурцы | Шпинат | Бананы | Лимоны | Оливковое масло | Черный перец | Вода минеральная | Мороженое ванильное | Бумажные полотенца
B295,pets_home,9,Сметана 20% | Помидоры | Кофе молотый | Вода минеральная | Корм для собак | Наполнитель для кошачьего туалета | Средство для посуды | Бумажные полотенца | Пакеты для мусора
B296,sushi_home,8,Моцарелла | Хлебцы ржаные | Лосось филе | Крабовые палочки | Огурцы | Авокадо | Соевый соус | Газированная вода
B297,curry_dinner,11,Сыр гауда | Куриное филе | Чеснок | Шампиньоны | Брокколи | Авокадо | Имбирь | Лимоны | Рис длиннозерный | Кокосовое молоко | Карри паста
B298,bbq_picnic,8,Лаваш | Куриные бедра | Свинина для жарки | Помидоры | Огурцы | Кетчуп | Чипсы картофельные | Бумажные полотенца
B299,salad_light,12,Молоко 2.5% | Хлеб пшеничный | Тунец консервированный | Огурцы | Перец болгарский | Салат айсберг | Шампиньоны | Авокадо | Клубника | Подсолнечное масло | Шоколад молочный | Туалетная бумага
B300,burger_night,7,Сыр гауда | Булочки для бургеров | Фарш говяжий | Кетчуп | Горчица | Карри паста | Картофель фри замороженный
